omega;phi_set;final_com_dx;final_com_x;final_com_y;phi0;phi1;phi2;phi3
5.0;(np.float64(0.0), np.float64(0.0), np.float64(3.141592653589793), np.float64(3.141592653589793));1.311214351678095;1.3362143516780949;3.746711094548823;0.0;0.0;3.141592653589793;3.141592653589793
5.0;(np.float64(0.0), np.float64(0.0), np.float64(0.0), np.float64(3.141592653589793));-0.19846828741768874;-0.17346828741768874;1.6351152172879897;0.0;0.0;0.0;3.141592653589793
5.0;(np.float64(0.0), np.float64(0.0), np.float64(6.283185307179586), np.float64(3.141592653589793));0.07462645280160343;0.09962645280160344;0.9822462451960797;0.0;0.0;6.283185307179586;3.141592653589793
5.0;(np.float64(0.0), np.float64(0.0), np.float64(3.141592653589793), np.float64(0.0));-0.007372478938621595;0.017627521061378406;0.4134981590273109;0.0;0.0;3.141592653589793;0.0
5.0;(np.float64(0.0), np.float64(0.0), np.float64(3.141592653589793), np.float64(6.283185307179586));-0.21624448190181733;-0.19124448190181734;0.3698318911655268;0.0;0.0;3.141592653589793;6.283185307179586
5.0;(np.float64(0.0), np.float64(3.141592653589793), np.float64(0.0), np.float64(0.0));0.9778203169986682;1.0028203169986682;3.1923746774381465;0.0;3.141592653589793;0.0;0.0
5.0;(np.float64(0.0), np.float64(3.141592653589793), np.float64(0.0), np.float64(3.141592653589793));0.021131058565442604;0.046131058565442605;0.22562157859244858;0.0;3.141592653589793;0.0;3.141592653589793
5.0;(np.float64(0.0), np.float64(0.0), np.float64(0.0), np.float64(0.0));-1.0873975012190562e-05;0.02498912602498781;0.006450015932326448;0.0;0.0;0.0;0.0
5.0;(np.float64(0.0), np.float64(0.0), np.float64(0.0), np.float64(6.283185307179586));3.4413362925353463e-05;0.025034413362925355;0.006464639204223311;0.0;0.0;0.0;6.283185307179586
5.0;(np.float64(0.0), np.float64(0.0), np.float64(6.283185307179586), np.float64(0.0));-5.900299715911467e-06;0.02499409970028409;0.006451701426501165;0.0;0.0;6.283185307179586;0.0
5.0;(np.float64(0.0), np.float64(3.141592653589793), np.float64(3.141592653589793), np.float64(0.0));-0.18518660357908365;-0.16018660357908365;6.421215036435978;0.0;3.141592653589793;3.141592653589793;0.0
5.0;(np.float64(0.0), np.float64(3.141592653589793), np.float64(0.0), np.float64(6.283185307179586));-1.0008714415832038;-0.9758714415832038;2.410098294347674;0.0;3.141592653589793;0.0;6.283185307179586
5.0;(np.float64(0.0), np.float64(3.141592653589793), np.float64(3.141592653589793), np.float64(3.141592653589793));-4.789665192239667e-12;0.024999999995210336;0.0455057682981347;0.0;3.141592653589793;3.141592653589793;3.141592653589793
5.0;(np.float64(0.0), np.float64(3.141592653589793), np.float64(3.141592653589793), np.float64(6.283185307179586));0.5621550231219808;0.5871550231219809;2.361188076247247;0.0;3.141592653589793;3.141592653589793;6.283185307179586
5.0;(np.float64(0.0), np.float64(0.0), np.float64(6.283185307179586), np.float64(6.283185307179586));6.606063468750367e-07;0.025000660606346876;0.00646976074318516;0.0;0.0;6.283185307179586;6.283185307179586
5.0;(np.float64(0.0), np.float64(3.141592653589793), np.float64(6.283185307179586), np.float64(0.0));-0.8334764298862637;-0.8084764298862637;1.8521149219933775;0.0;3.141592653589793;6.283185307179586;0.0
5.0;(np.float64(0.0), np.float64(3.141592653589793), np.float64(6.283185307179586), np.float64(3.141592653589793));-0.5459288395594268;-0.5209288395594268;1.2319715792563464;0.0;3.141592653589793;6.283185307179586;3.141592653589793
5.0;(np.float64(0.0), np.float64(3.141592653589793), np.float64(6.283185307179586), np.float64(6.283185307179586));0.6095990180877622;0.6345990180877622;1.9649703477217535;0.0;3.141592653589793;6.283185307179586;6.283185307179586
5.0;(np.float64(0.0), np.float64(6.283185307179586), np.float64(0.0), np.float64(3.141592653589793));-0.4683149065691068;-0.44331490656910677;1.494023309278643;0.0;6.283185307179586;0.0;3.141592653589793
5.0;(np.float64(0.0), np.float64(6.283185307179586), np.float64(3.141592653589793), np.float64(3.141592653589793));0.19624578974759885;0.22124578974759884;3.0284015367798944;0.0;6.283185307179586;3.141592653589793;3.141592653589793
5.0;(np.float64(0.0), np.float64(6.283185307179586), np.float64(6.283185307179586), np.float64(3.141592653589793));1.219678565599693;1.2446785655996928;4.480053365917004;0.0;6.283185307179586;6.283185307179586;3.141592653589793
5.0;(np.float64(0.0), np.float64(6.283185307179586), np.float64(3.141592653589793), np.float64(0.0));-1.9120313291976105;-1.8870313291976106;6.022454715424058;0.0;6.283185307179586;3.141592653589793;0.0
5.0;(np.float64(0.0), np.float64(6.283185307179586), np.float64(3.141592653589793), np.float64(6.283185307179586));-0.7758898480325167;-0.7508898480325167;2.2353164448930585;0.0;6.283185307179586;3.141592653589793;6.283185307179586
5.0;(np.float64(0.0), np.float64(6.283185307179586), np.float64(0.0), np.float64(0.0));-3.7972001884222645e-05;0.02496202799811578;0.006478143674201384;0.0;6.283185307179586;0.0;0.0
5.0;(np.float64(0.0), np.float64(6.283185307179586), np.float64(0.0), np.float64(6.283185307179586));-1.5626849923632696e-05;0.02498437315007637;0.006472328876827052;0.0;6.283185307179586;0.0;6.283185307179586
5.0;(np.float64(3.141592653589793), np.float64(0.0), np.float64(0.0), np.float64(3.141592653589793));-0.009169269741697385;0.015830730258302617;0.06741081105518042;3.141592653589793;0.0;0.0;3.141592653589793
5.0;(np.float64(0.0), np.float64(6.283185307179586), np.float64(6.283185307179586), np.float64(0.0));2.455673380178866e-05;0.02502455673380179;0.0064526440627203415;0.0;6.283185307179586;6.283185307179586;0.0
5.0;(np.float64(3.141592653589793), np.float64(0.0), np.float64(0.0), np.float64(0.0));0.151114395988146;0.176114395988146;0.25756950053570593;3.141592653589793;0.0;0.0;0.0
5.0;(np.float64(0.0), np.float64(6.283185307179586), np.float64(6.283185307179586), np.float64(6.283185307179586));1.8366945939006507e-05;0.025018366945939008;0.0064627678051416325;0.0;6.283185307179586;6.283185307179586;6.283185307179586
5.0;(np.float64(3.141592653589793), np.float64(0.0), np.float64(0.0), np.float64(6.283185307179586));-0.07679097961321454;-0.051790979613214536;0.1931283718909034;3.141592653589793;0.0;0.0;6.283185307179586
5.0;(np.float64(3.141592653589793), np.float64(0.0), np.float64(3.141592653589793), np.float64(0.0));-3.400404957609737e-14;0.024999999999965997;0.005543620294144167;3.141592653589793;0.0;3.141592653589793;0.0
5.0;(np.float64(3.141592653589793), np.float64(0.0), np.float64(6.283185307179586), np.float64(3.141592653589793));-0.009169269780232896;0.015830730219767105;0.06741081089978651;3.141592653589793;0.0;6.283185307179586;3.141592653589793
5.0;(np.float64(3.141592653589793), np.float64(3.141592653589793), np.float64(0.0), np.float64(0.0));0.009169269757269928;0.03416926975726993;0.06741081099235052;3.141592653589793;3.141592653589793;0.0;0.0
5.0;(np.float64(3.141592653589793), np.float64(0.0), np.float64(3.141592653589793), np.float64(3.141592653589793));-0.004326736980897923;0.02067326301910208;0.005350389646455011;3.141592653589793;0.0;3.141592653589793;3.141592653589793
5.0;(np.float64(3.141592653589793), np.float64(0.0), np.float64(6.283185307179586), np.float64(0.0));0.13428749523500055;0.15928749523500055;0.023821047286086295;3.141592653589793;0.0;6.283185307179586;0.0
5.0;(np.float64(3.141592653589793), np.float64(0.0), np.float64(6.283185307179586), np.float64(6.283185307179586));-0.1715017414345442;-0.1465017414345442;0.1021728273567268;3.141592653589793;0.0;6.283185307179586;6.283185307179586
5.0;(np.float64(3.141592653589793), np.float64(0.0), np.float64(3.141592653589793), np.float64(6.283185307179586));4.241745843458489e-14;0.02500000000004242;0.005543620294142692;3.141592653589793;0.0;3.141592653589793;6.283185307179586
5.0;(np.float64(3.141592653589793), np.float64(3.141592653589793), np.float64(0.0), np.float64(6.283185307179586));0.009169269796759034;0.034169269796759036;0.06741081083328052;3.141592653589793;3.141592653589793;0.0;6.283185307179586
5.0;(np.float64(3.141592653589793), np.float64(3.141592653589793), np.float64(6.283185307179586), np.float64(0.0));0.00916926976499978;0.03416926976499978;0.06741081096142938;3.141592653589793;3.141592653589793;6.283185307179586;0.0
5.0;(np.float64(3.141592653589793), np.float64(3.141592653589793), np.float64(0.0), np.float64(3.141592653589793));-2.151785694071151e-13;0.024999999999784823;0.005513820110578294;3.141592653589793;3.141592653589793;0.0;3.141592653589793
5.0;(np.float64(3.141592653589793), np.float64(3.141592653589793), np.float64(6.283185307179586), np.float64(6.283185307179586));0.009169269729428609;0.03416926972942861;0.06741081110482386;3.141592653589793;3.141592653589793;6.283185307179586;6.283185307179586
5.0;(np.float64(3.141592653589793), np.float64(6.283185307179586), np.float64(0.0), np.float64(3.141592653589793));-0.009169269754351332;0.01583073024564867;0.0674108110041389;3.141592653589793;6.283185307179586;0.0;3.141592653589793
5.0;(np.float64(3.141592653589793), np.float64(3.141592653589793), np.float64(3.141592653589793), np.float64(0.0));0.004326736980896598;0.0293267369808966;0.0053503896464566925;3.141592653589793;3.141592653589793;3.141592653589793;0.0
5.0;(np.float64(3.141592653589793), np.float64(3.141592653589793), np.float64(3.141592653589793), np.float64(3.141592653589793));0.0004920438619875414;0.025492043861987543;0.0041850314930450645;3.141592653589793;3.141592653589793;3.141592653589793;3.141592653589793
5.0;(np.float64(3.141592653589793), np.float64(6.283185307179586), np.float64(0.0), np.float64(0.0));-0.06250995443639434;-0.03750995443639435;0.17795854906249145;3.141592653589793;6.283185307179586;0.0;0.0
5.0;(np.float64(3.141592653589793), np.float64(3.141592653589793), np.float64(3.141592653589793), np.float64(6.283185307179586));0.004326736980899422;0.029326736980899423;0.005350389646456556;3.141592653589793;3.141592653589793;3.141592653589793;6.283185307179586
5.0;(np.float64(3.141592653589793), np.float64(3.141592653589793), np.float64(6.283185307179586), np.float64(3.141592653589793));1.4704210071769808e-13;0.025000000000147043;0.005513820110571505;3.141592653589793;3.141592653589793;6.283185307179586;3.141592653589793
5.0;(np.float64(3.141592653589793), np.float64(6.283185307179586), np.float64(0.0), np.float64(6.283185307179586));-0.04481065854521009;-0.019810658545210084;0.16573349367134696;3.141592653589793;6.283185307179586;0.0;6.283185307179586
5.0;(np.float64(3.141592653589793), np.float64(6.283185307179586), np.float64(6.283185307179586), np.float64(3.141592653589793));-0.009169269785773065;0.015830730214226936;0.06741081087768237;3.141592653589793;6.283185307179586;6.283185307179586;3.141592653589793
5.0;(np.float64(3.141592653589793), np.float64(6.283185307179586), np.float64(6.283185307179586), np.float64(0.0));-0.063420903912522;-0.038420903912522;0.1148904234476706;3.141592653589793;6.283185307179586;6.283185307179586;0.0
5.0;(np.float64(3.141592653589793), np.float64(6.283185307179586), np.float64(6.283185307179586), np.float64(6.283185307179586));-0.04033022962524362;-0.015330229625243622;0.20576055078234404;3.141592653589793;6.283185307179586;6.283185307179586;6.283185307179586
5.0;(np.float64(6.283185307179586), np.float64(0.0), np.float64(0.0), np.float64(3.141592653589793));-0.33050897820068803;-0.305508978200688;2.1963751064956565;6.283185307179586;0.0;0.0;3.141592653589793
5.0;(np.float64(3.141592653589793), np.float64(6.283185307179586), np.float64(3.141592653589793), np.float64(0.0));3.381669944069188e-14;0.025000000000033818;0.0055436202941414655;3.141592653589793;6.283185307179586;3.141592653589793;0.0
5.0;(np.float64(3.141592653589793), np.float64(6.283185307179586), np.float64(3.141592653589793), np.float64(6.283185307179586));1.6910084443821916e-14;0.02500000000001691;0.00554362029414621;3.141592653589793;6.283185307179586;3.141592653589793;6.283185307179586
5.0;(np.float64(3.141592653589793), np.float64(6.283185307179586), np.float64(3.141592653589793), np.float64(3.141592653589793));-0.004326736980897632;0.02067326301910237;0.005350389646455469;3.141592653589793;6.283185307179586;3.141592653589793;3.141592653589793
5.0;(np.float64(6.283185307179586), np.float64(0.0), np.float64(3.141592653589793), np.float64(3.141592653589793));0.6073264115391802;0.6323264115391802;0.641770980620024;6.283185307179586;0.0;3.141592653589793;3.141592653589793
5.0;(np.float64(6.283185307179586), np.float64(0.0), np.float64(0.0), np.float64(0.0));-6.432257922989182e-06;0.024993567742077012;0.00646331831819786;6.283185307179586;0.0;0.0;0.0
5.0;(np.float64(6.283185307179586), np.float64(0.0), np.float64(3.141592653589793), np.float64(0.0));-0.5723541872429485;-0.5473541872429485;1.556864242259385;6.283185307179586;0.0;3.141592653589793;0.0
5.0;(np.float64(6.283185307179586), np.float64(0.0), np.float64(3.141592653589793), np.float64(6.283185307179586));-0.2054302434836772;-0.1804302434836772;0.33378442972771355;6.283185307179586;0.0;3.141592653589793;6.283185307179586
5.0;(np.float64(6.283185307179586), np.float64(0.0), np.float64(6.283185307179586), np.float64(3.141592653589793));-0.39329520139786467;-0.36829520139786465;1.2439576253738092;6.283185307179586;0.0;6.283185307179586;3.141592653589793
5.0;(np.float64(6.283185307179586), np.float64(0.0), np.float64(0.0), np.float64(6.283185307179586));3.0871813767333056e-05;0.025030871813767334;0.006470869350202604;6.283185307179586;0.0;0.0;6.283185307179586
5.0;(np.float64(6.283185307179586), np.float64(3.141592653589793), np.float64(0.0), np.float64(0.0));0.27170771688934153;0.29670771688934156;0.8386660103604932;6.283185307179586;3.141592653589793;0.0;0.0
5.0;(np.float64(6.283185307179586), np.float64(3.141592653589793), np.float64(0.0), np.float64(3.141592653589793));-0.46521108520795384;-0.4402110852079538;2.8260294112089532;6.283185307179586;3.141592653589793;0.0;3.141592653589793
5.0;(np.float64(6.283185307179586), np.float64(3.141592653589793), np.float64(0.0), np.float64(6.283185307179586));1.641267724048455;1.666267724048455;8.620674005074894;6.283185307179586;3.141592653589793;0.0;6.283185307179586
5.0;(np.float64(6.283185307179586), np.float64(3.141592653589793), np.float64(3.141592653589793), np.float64(0.0));-0.25814379065052623;-0.2331437906505262;1.6651589771639672;6.283185307179586;3.141592653589793;3.141592653589793;0.0
5.0;(np.float64(6.283185307179586), np.float64(0.0), np.float64(6.283185307179586), np.float64(0.0));2.305059168041662e-05;0.025023050591680418;0.006464216128846798;6.283185307179586;0.0;6.283185307179586;0.0
5.0;(np.float64(6.283185307179586), np.float64(3.141592653589793), np.float64(3.141592653589793), np.float64(3.141592653589793));6.387741030566829e-12;0.025000000006387742;0.04550576830763603;6.283185307179586;3.141592653589793;3.141592653589793;3.141592653589793
5.0;(np.float64(6.283185307179586), np.float64(0.0), np.float64(6.283185307179586), np.float64(6.283185307179586));8.733005373098152e-06;0.0250087330053731;0.006433047295607773;6.283185307179586;0.0;6.283185307179586;6.283185307179586
5.0;(np.float64(6.283185307179586), np.float64(3.141592653589793), np.float64(3.141592653589793), np.float64(6.283185307179586));-2.3527326490650555;-2.3277326490650556;6.4597917723873755;6.283185307179586;3.141592653589793;3.141592653589793;6.283185307179586
5.0;(np.float64(6.283185307179586), np.float64(3.141592653589793), np.float64(6.283185307179586), np.float64(0.0));-0.8766922574344324;-0.8516922574344323;1.9961676805735418;6.283185307179586;3.141592653589793;6.283185307179586;0.0
5.0;(np.float64(6.283185307179586), np.float64(3.141592653589793), np.float64(6.283185307179586), np.float64(3.141592653589793));0.39890363444957416;0.4239036344495742;3.6734494064598864;6.283185307179586;3.141592653589793;6.283185307179586;3.141592653589793
5.0;(np.float64(6.283185307179586), np.float64(3.141592653589793), np.float64(6.283185307179586), np.float64(6.283185307179586));-0.4279955112003498;-0.40299551120034977;0.5005118596378452;6.283185307179586;3.141592653589793;6.283185307179586;6.283185307179586
5.0;(np.float64(6.283185307179586), np.float64(6.283185307179586), np.float64(0.0), np.float64(3.141592653589793));0.5220883896605856;0.5470883896605856;0.814154787874898;6.283185307179586;6.283185307179586;0.0;3.141592653589793
5.0;(np.float64(6.283185307179586), np.float64(6.283185307179586), np.float64(3.141592653589793), np.float64(3.141592653589793));0.3574590841862512;0.38245908418625124;0.37341184724126847;6.283185307179586;6.283185307179586;3.141592653589793;3.141592653589793
5.0;(np.float64(6.283185307179586), np.float64(6.283185307179586), np.float64(3.141592653589793), np.float64(0.0));-0.19603806877688829;-0.1710380687768883;0.49536273876301945;6.283185307179586;6.283185307179586;3.141592653589793;0.0
5.0;(np.float64(6.283185307179586), np.float64(6.283185307179586), np.float64(6.283185307179586), np.float64(3.141592653589793));-0.7286799703079906;-0.7036799703079906;2.3619068551171445;6.283185307179586;6.283185307179586;6.283185307179586;3.141592653589793
5.0;(np.float64(6.283185307179586), np.float64(6.283185307179586), np.float64(3.141592653589793), np.float64(6.283185307179586));0.3434187426894818;0.3684187426894818;0.7937460937175526;6.283185307179586;6.283185307179586;3.141592653589793;6.283185307179586
5.0;(np.float64(6.283185307179586), np.float64(6.283185307179586), np.float64(0.0), np.float64(0.0));1.8205946290761332e-05;0.025018205946290763;0.006467695774034731;6.283185307179586;6.283185307179586;0.0;0.0
701.6779210317042;(np.float64(0.0), np.float64(0.0), np.float64(0.0), np.float64(0.0));-0.27943183216879397;-0.25443183216879395;0.2111300169864364;0.0;0.0;0.0;0.0
701.6779210317042;(np.float64(0.0), np.float64(0.0), np.float64(0.0), np.float64(3.141592653589793));1.2126574587464491;1.237657458746449;6.5497685680142546;0.0;0.0;0.0;3.141592653589793
701.6779210317042;(np.float64(0.0), np.float64(0.0), np.float64(0.0), np.float64(6.283185307179586));0.00011822763839152567;0.025118227638391527;1.2702300093929415;0.0;0.0;0.0;6.283185307179586
701.6779210317042;(np.float64(0.0), np.float64(0.0), np.float64(3.141592653589793), np.float64(0.0));0.49578148117908216;0.5207814811790822;0.3451041810043885;0.0;0.0;3.141592653589793;0.0
701.6779210317042;(np.float64(0.0), np.float64(0.0), np.float64(3.141592653589793), np.float64(3.141592653589793));0.0026425417757433463;0.027642541775743348;0.6917096998836595;0.0;0.0;3.141592653589793;3.141592653589793
5.0;(np.float64(6.283185307179586), np.float64(6.283185307179586), np.float64(0.0), np.float64(6.283185307179586));-1.6931001356985248e-05;0.024983068998643016;0.006455179715316921;6.283185307179586;6.283185307179586;0.0;6.283185307179586
701.6779210317042;(np.float64(0.0), np.float64(0.0), np.float64(3.141592653589793), np.float64(6.283185307179586));0.7686119078096985;0.7936119078096985;3.6990097206410053;0.0;0.0;3.141592653589793;6.283185307179586
701.6779210317042;(np.float64(0.0), np.float64(0.0), np.float64(6.283185307179586), np.float64(0.0));0.5475327414008245;0.5725327414008246;1.7562132159171668;0.0;0.0;6.283185307179586;0.0
701.6779210317042;(np.float64(0.0), np.float64(0.0), np.float64(6.283185307179586), np.float64(3.141592653589793));-1.3687303415670715;-1.3437303415670716;2.5286891051103444;0.0;0.0;6.283185307179586;3.141592653589793
5.0;(np.float64(6.283185307179586), np.float64(6.283185307179586), np.float64(6.283185307179586), np.float64(0.0));-2.1679419542397493e-05;0.024978320580457604;0.0064527554460707065;6.283185307179586;6.283185307179586;6.283185307179586;0.0
701.6779210317042;(np.float64(0.0), np.float64(0.0), np.float64(6.283185307179586), np.float64(6.283185307179586));0.3991204674307722;0.4241204674307722;2.449040328638141;0.0;0.0;6.283185307179586;6.283185307179586
701.6779210317042;(np.float64(0.0), np.float64(3.141592653589793), np.float64(0.0), np.float64(0.0));-0.4759504804342751;-0.4509504804342751;0.47240951712033086;0.0;3.141592653589793;0.0;0.0
701.6779210317042;(np.float64(0.0), np.float64(3.141592653589793), np.float64(0.0), np.float64(3.141592653589793));0.32542258288507736;0.3504225828850774;1.5002234913890802;0.0;3.141592653589793;0.0;3.141592653589793
701.6779210317042;(np.float64(0.0), np.float64(3.141592653589793), np.float64(0.0), np.float64(6.283185307179586));-0.4473755189145814;-0.42237551891458136;0.3771596453874996;0.0;3.141592653589793;0.0;6.283185307179586
701.6779210317042;(np.float64(0.0), np.float64(3.141592653589793), np.float64(3.141592653589793), np.float64(0.0));1.1698158415637563;1.1948158415637562;4.599904309360066;0.0;3.141592653589793;3.141592653589793;0.0
701.6779210317042;(np.float64(0.0), np.float64(3.141592653589793), np.float64(3.141592653589793), np.float64(3.141592653589793));0.4868040466364628;0.5118040466364628;1.1176575255975596;0.0;3.141592653589793;3.141592653589793;3.141592653589793
701.6779210317042;(np.float64(0.0), np.float64(3.141592653589793), np.float64(3.141592653589793), np.float64(6.283185307179586));1.0674183847523182;1.0924183847523181;5.3103442843973045;0.0;3.141592653589793;3.141592653589793;6.283185307179586
701.6779210317042;(np.float64(0.0), np.float64(3.141592653589793), np.float64(6.283185307179586), np.float64(0.0));1.069367114438734;1.094367114438734;1.5308116813482486;0.0;3.141592653589793;6.283185307179586;0.0
5.0;(np.float64(6.283185307179586), np.float64(6.283185307179586), np.float64(6.283185307179586), np.float64(6.283185307179586));-1.0993213091649301e-05;0.024989006786908352;0.006460397444639035;6.283185307179586;6.283185307179586;6.283185307179586;6.283185307179586
701.6779210317042;(np.float64(0.0), np.float64(3.141592653589793), np.float64(6.283185307179586), np.float64(3.141592653589793));-0.22258941965023113;-0.19758941965023114;0.791508663486361;0.0;3.141592653589793;6.283185307179586;3.141592653589793
701.6779210317042;(np.float64(0.0), np.float64(3.141592653589793), np.float64(6.283185307179586), np.float64(6.283185307179586));0.33523830607338245;0.3602383060733825;0.35210738716787154;0.0;3.141592653589793;6.283185307179586;6.283185307179586
701.6779210317042;(np.float64(0.0), np.float64(6.283185307179586), np.float64(0.0), np.float64(0.0));-0.3448087286377244;-0.31980872863772436;1.8048635889802636;0.0;6.283185307179586;0.0;0.0
701.6779210317042;(np.float64(0.0), np.float64(6.283185307179586), np.float64(0.0), np.float64(3.141592653589793));-0.9655452519511567;-0.9405452519511567;1.1847388063907962;0.0;6.283185307179586;0.0;3.141592653589793
701.6779210317042;(np.float64(0.0), np.float64(6.283185307179586), np.float64(0.0), np.float64(6.283185307179586));-0.1606015176212951;-0.1356015176212951;1.8572767212214443;0.0;6.283185307179586;0.0;6.283185307179586
701.6779210317042;(np.float64(0.0), np.float64(6.283185307179586), np.float64(3.141592653589793), np.float64(0.0));-0.17940291777150297;-0.15440291777150297;0.7539599303760439;0.0;6.283185307179586;3.141592653589793;0.0
701.6779210317042;(np.float64(0.0), np.float64(6.283185307179586), np.float64(3.141592653589793), np.float64(3.141592653589793));-0.11332971358569063;-0.08832971358569063;1.0782838829626031;0.0;6.283185307179586;3.141592653589793;3.141592653589793
701.6779210317042;(np.float64(0.0), np.float64(6.283185307179586), np.float64(3.141592653589793), np.float64(6.283185307179586));-0.9058520382191645;-0.8808520382191645;0.9294665259954995;0.0;6.283185307179586;3.141592653589793;6.283185307179586
701.6779210317042;(np.float64(0.0), np.float64(6.283185307179586), np.float64(6.283185307179586), np.float64(0.0));-0.48057057640645645;-0.45557057640645643;0.8815924977787877;0.0;6.283185307179586;6.283185307179586;0.0
701.6779210317042;(np.float64(0.0), np.float64(6.283185307179586), np.float64(6.283185307179586), np.float64(3.141592653589793));0.7051786209620785;0.7301786209620785;6.883622901929375;0.0;6.283185307179586;6.283185307179586;3.141592653589793
701.6779210317042;(np.float64(0.0), np.float64(6.283185307179586), np.float64(6.283185307179586), np.float64(6.283185307179586));-0.328624683924;-0.303624683924;0.375106189503559;0.0;6.283185307179586;6.283185307179586;6.283185307179586
701.6779210317042;(np.float64(3.141592653589793), np.float64(0.0), np.float64(0.0), np.float64(0.0));0.9856176895799237;1.0106176895799237;2.6951359827108803;3.141592653589793;0.0;0.0;0.0
701.6779210317042;(np.float64(3.141592653589793), np.float64(0.0), np.float64(0.0), np.float64(3.141592653589793));-0.639581424473933;-0.6145814244739329;1.9488368324947318;3.141592653589793;0.0;0.0;3.141592653589793
701.6779210317042;(np.float64(3.141592653589793), np.float64(0.0), np.float64(0.0), np.float64(6.283185307179586));0.4077609746397252;0.43276097463972524;0.7689469330078266;3.141592653589793;0.0;0.0;6.283185307179586
701.6779210317042;(np.float64(3.141592653589793), np.float64(0.0), np.float64(3.141592653589793), np.float64(0.0));-0.7338686647700093;-0.7088686647700093;1.9459672039620426;3.141592653589793;0.0;3.141592653589793;0.0
701.6779210317042;(np.float64(3.141592653589793), np.float64(0.0), np.float64(3.141592653589793), np.float64(3.141592653589793));-1.2465399902975216;-1.2215399902975217;1.9007066656721225;3.141592653589793;0.0;3.141592653589793;3.141592653589793
701.6779210317042;(np.float64(3.141592653589793), np.float64(0.0), np.float64(3.141592653589793), np.float64(6.283185307179586));0.6865329594098164;0.7115329594098164;1.7881815194434365;3.141592653589793;0.0;3.141592653589793;6.283185307179586
701.6779210317042;(np.float64(3.141592653589793), np.float64(0.0), np.float64(6.283185307179586), np.float64(0.0));2.6623902418840646;2.6873902418840645;8.284377823790937;3.141592653589793;0.0;6.283185307179586;0.0
701.6779210317042;(np.float64(3.141592653589793), np.float64(0.0), np.float64(6.283185307179586), np.float64(3.141592653589793));2.4406555266505516;2.4656555266505515;7.338174774426039;3.141592653589793;0.0;6.283185307179586;3.141592653589793
701.6779210317042;(np.float64(3.141592653589793), np.float64(0.0), np.float64(6.283185307179586), np.float64(6.283185307179586));2.973580815711442;2.998580815711442;9.321679736506418;3.141592653589793;0.0;6.283185307179586;6.283185307179586
701.6779210317042;(np.float64(3.141592653589793), np.float64(3.141592653589793), np.float64(0.0), np.float64(0.0));0.48459524607166693;0.509595246071667;5.295755128763715;3.141592653589793;3.141592653589793;0.0;0.0
701.6779210317042;(np.float64(3.141592653589793), np.float64(3.141592653589793), np.float64(0.0), np.float64(3.141592653589793));1.5240257632591367;1.5490257632591367;3.332574228035629;3.141592653589793;3.141592653589793;0.0;3.141592653589793
701.6779210317042;(np.float64(3.141592653589793), np.float64(3.141592653589793), np.float64(0.0), np.float64(6.283185307179586));0.6591231579063722;0.6841231579063722;2.0139759430125137;3.141592653589793;3.141592653589793;0.0;6.283185307179586
701.6779210317042;(np.float64(3.141592653589793), np.float64(3.141592653589793), np.float64(3.141592653589793), np.float64(0.0));-0.895779509299636;-0.870779509299636;6.492249406389848;3.141592653589793;3.141592653589793;3.141592653589793;0.0
701.6779210317042;(np.float64(3.141592653589793), np.float64(3.141592653589793), np.float64(3.141592653589793), np.float64(3.141592653589793));-0.005282603095185086;0.019717396904814916;0.1185672704213287;3.141592653589793;3.141592653589793;3.141592653589793;3.141592653589793
701.6779210317042;(np.float64(3.141592653589793), np.float64(3.141592653589793), np.float64(3.141592653589793), np.float64(6.283185307179586));-1.1724995165200323;-1.1474995165200323;2.8723005998584674;3.141592653589793;3.141592653589793;3.141592653589793;6.283185307179586
701.6779210317042;(np.float64(3.141592653589793), np.float64(3.141592653589793), np.float64(6.283185307179586), np.float64(0.0));-0.4645389117219266;-0.43953891172192655;0.751119390327683;3.141592653589793;3.141592653589793;6.283185307179586;0.0
701.6779210317042;(np.float64(3.141592653589793), np.float64(3.141592653589793), np.float64(6.283185307179586), np.float64(3.141592653589793));-0.5358170881082172;-0.5108170881082171;6.465737747312807;3.141592653589793;3.141592653589793;6.283185307179586;3.141592653589793
701.6779210317042;(np.float64(3.141592653589793), np.float64(3.141592653589793), np.float64(6.283185307179586), np.float64(6.283185307179586));-1.1791885255497478;-1.154188525549748;3.409380021173836;3.141592653589793;3.141592653589793;6.283185307179586;6.283185307179586
701.6779210317042;(np.float64(3.141592653589793), np.float64(6.283185307179586), np.float64(0.0), np.float64(0.0));-1.0419971692020773;-1.0169971692020774;2.883067581524668;3.141592653589793;6.283185307179586;0.0;0.0
701.6779210317042;(np.float64(3.141592653589793), np.float64(6.283185307179586), np.float64(0.0), np.float64(3.141592653589793));2.519149150501874;2.544149150501874;7.599820185842793;3.141592653589793;6.283185307179586;0.0;3.141592653589793
701.6779210317042;(np.float64(3.141592653589793), np.float64(6.283185307179586), np.float64(0.0), np.float64(6.283185307179586));-1.474181929515753;-1.449181929515753;4.323683449231476;3.141592653589793;6.283185307179586;0.0;6.283185307179586
701.6779210317042;(np.float64(3.141592653589793), np.float64(6.283185307179586), np.float64(3.141592653589793), np.float64(0.0));0.5868029577107502;0.6118029577107502;1.4557481804454895;3.141592653589793;6.283185307179586;3.141592653589793;0.0
701.6779210317042;(np.float64(3.141592653589793), np.float64(6.283185307179586), np.float64(3.141592653589793), np.float64(3.141592653589793));1.151876099891264;1.176876099891264;2.8035558777601106;3.141592653589793;6.283185307179586;3.141592653589793;3.141592653589793
701.6779210317042;(np.float64(3.141592653589793), np.float64(6.283185307179586), np.float64(3.141592653589793), np.float64(6.283185307179586));0.43061948371698433;0.45561948371698435;2.0517076573731723;3.141592653589793;6.283185307179586;3.141592653589793;6.283185307179586
701.6779210317042;(np.float64(3.141592653589793), np.float64(6.283185307179586), np.float64(6.283185307179586), np.float64(0.0));-0.2955105074085663;-0.2705105074085663;0.3947787088114585;3.141592653589793;6.283185307179586;6.283185307179586;0.0
701.6779210317042;(np.float64(3.141592653589793), np.float64(6.283185307179586), np.float64(6.283185307179586), np.float64(3.141592653589793));1.185770119346642;1.2107701193466418;3.1552234171877727;3.141592653589793;6.283185307179586;6.283185307179586;3.141592653589793
701.6779210317042;(np.float64(6.283185307179586), np.float64(0.0), np.float64(0.0), np.float64(0.0));-0.46401863142270194;-0.4390186314227019;3.604298810060359;6.283185307179586;0.0;0.0;0.0
701.6779210317042;(np.float64(3.141592653589793), np.float64(6.283185307179586), np.float64(6.283185307179586), np.float64(6.283185307179586));-0.6361004720650417;-0.6111004720650417;4.284673988873593;3.141592653589793;6.283185307179586;6.283185307179586;6.283185307179586
701.6779210317042;(np.float64(6.283185307179586), np.float64(0.0), np.float64(0.0), np.float64(3.141592653589793));-2.6440003191164996;-2.6190003191164997;6.7795890302741455;6.283185307179586;0.0;0.0;3.141592653589793
701.6779210317042;(np.float64(6.283185307179586), np.float64(0.0), np.float64(0.0), np.float64(6.283185307179586));-0.8177048951819343;-0.7927048951819343;2.9719032397278364;6.283185307179586;0.0;0.0;6.283185307179586
701.6779210317042;(np.float64(6.283185307179586), np.float64(0.0), np.float64(3.141592653589793), np.float64(0.0));-0.9581144666380038;-0.9331144666380038;1.1714883273299834;6.283185307179586;0.0;3.141592653589793;0.0
701.6779210317042;(np.float64(6.283185307179586), np.float64(0.0), np.float64(3.141592653589793), np.float64(3.141592653589793));1.047173980683064;1.072173980683064;1.2681251107181508;6.283185307179586;0.0;3.141592653589793;3.141592653589793
701.6779210317042;(np.float64(6.283185307179586), np.float64(0.0), np.float64(3.141592653589793), np.float64(6.283185307179586));-0.7980520335768102;-0.7730520335768102;1.282358470567808;6.283185307179586;0.0;3.141592653589793;6.283185307179586
701.6779210317042;(np.float64(6.283185307179586), np.float64(0.0), np.float64(6.283185307179586), np.float64(0.0));-0.0208335397550924;0.0041664602449076014;0.6432767242240808;6.283185307179586;0.0;6.283185307179586;0.0
701.6779210317042;(np.float64(6.283185307179586), np.float64(0.0), np.float64(6.283185307179586), np.float64(3.141592653589793));1.0004456773299426;1.0254456773299425;2.2207268401069475;6.283185307179586;0.0;6.283185307179586;3.141592653589793
701.6779210317042;(np.float64(6.283185307179586), np.float64(0.0), np.float64(6.283185307179586), np.float64(6.283185307179586));0.08949520231109118;0.11449520231109117;2.642794247930791;6.283185307179586;0.0;6.283185307179586;6.283185307179586
701.6779210317042;(np.float64(6.283185307179586), np.float64(3.141592653589793), np.float64(0.0), np.float64(0.0));1.4772677198807047;1.5022677198807046;2.8904803661545846;6.283185307179586;3.141592653589793;0.0;0.0
701.6779210317042;(np.float64(6.283185307179586), np.float64(3.141592653589793), np.float64(0.0), np.float64(3.141592653589793));-0.24065544951388154;-0.21565544951388155;2.748151814119487;6.283185307179586;3.141592653589793;0.0;3.141592653589793
701.6779210317042;(np.float64(6.283185307179586), np.float64(3.141592653589793), np.float64(0.0), np.float64(6.283185307179586));-0.10318898534384138;-0.07818898534384139;2.164165698422125;6.283185307179586;3.141592653589793;0.0;6.283185307179586
701.6779210317042;(np.float64(6.283185307179586), np.float64(3.141592653589793), np.float64(3.141592653589793), np.float64(0.0));-1.498832403591733;-1.4738324035917332;6.004342928221165;6.283185307179586;3.141592653589793;3.141592653589793;0.0
701.6779210317042;(np.float64(6.283185307179586), np.float64(3.141592653589793), np.float64(3.141592653589793), np.float64(3.141592653589793));0.5861823556036535;0.6111823556036535;6.097102243015093;6.283185307179586;3.141592653589793;3.141592653589793;3.141592653589793
701.6779210317042;(np.float64(6.283185307179586), np.float64(3.141592653589793), np.float64(3.141592653589793), np.float64(6.283185307179586));-2.8518860569583144;-2.8268860569583145;7.283832032327006;6.283185307179586;3.141592653589793;3.141592653589793;6.283185307179586
701.6779210317042;(np.float64(6.283185307179586), np.float64(3.141592653589793), np.float64(6.283185307179586), np.float64(0.0));3.8009572652583548;3.8259572652583547;10.636112184081304;6.283185307179586;3.141592653589793;6.283185307179586;0.0
701.6779210317042;(np.float64(6.283185307179586), np.float64(3.141592653589793), np.float64(6.283185307179586), np.float64(3.141592653589793));-0.2662368656774119;-0.2412368656774119;0.9437252005942742;6.283185307179586;3.141592653589793;6.283185307179586;3.141592653589793
701.6779210317042;(np.float64(6.283185307179586), np.float64(3.141592653589793), np.float64(6.283185307179586), np.float64(6.283185307179586));3.943528654400131;3.968528654400131;13.864692706163124;6.283185307179586;3.141592653589793;6.283185307179586;6.283185307179586
701.6779210317042;(np.float64(6.283185307179586), np.float64(6.283185307179586), np.float64(0.0), np.float64(0.0));-1.4585451896920758;-1.433545189692076;5.4096361483969275;6.283185307179586;6.283185307179586;0.0;0.0
701.6779210317042;(np.float64(6.283185307179586), np.float64(6.283185307179586), np.float64(0.0), np.float64(3.141592653589793));0.3654405298947052;0.39044052989470523;5.329985921716537;6.283185307179586;6.283185307179586;0.0;3.141592653589793
701.6779210317042;(np.float64(6.283185307179586), np.float64(6.283185307179586), np.float64(0.0), np.float64(6.283185307179586));0.24019973649672513;0.2651997364967251;0.4274675279166626;6.283185307179586;6.283185307179586;0.0;6.283185307179586
701.6779210317042;(np.float64(6.283185307179586), np.float64(6.283185307179586), np.float64(3.141592653589793), np.float64(0.0));0.4613489113084568;0.4863489113084568;7.2589840038422295;6.283185307179586;6.283185307179586;3.141592653589793;0.0
701.6779210317042;(np.float64(6.283185307179586), np.float64(6.283185307179586), np.float64(3.141592653589793), np.float64(3.141592653589793));0.44720860551741604;0.47220860551741606;5.1268448604073535;6.283185307179586;6.283185307179586;3.141592653589793;3.141592653589793
701.6779210317042;(np.float64(6.283185307179586), np.float64(6.283185307179586), np.float64(3.141592653589793), np.float64(6.283185307179586));0.12388890340507874;0.14888890340507874;1.3770525288731437;6.283185307179586;6.283185307179586;3.141592653589793;6.283185307179586
701.6779210317042;(np.float64(6.283185307179586), np.float64(6.283185307179586), np.float64(6.283185307179586), np.float64(0.0));-0.5242087222157028;-0.4992087222157028;1.0270529838090507;6.283185307179586;6.283185307179586;6.283185307179586;0.0
701.6779210317042;(np.float64(6.283185307179586), np.float64(6.283185307179586), np.float64(6.283185307179586), np.float64(3.141592653589793));-2.8518480891569804;-2.8268480891569805;7.47241493040867;6.283185307179586;6.283185307179586;6.283185307179586;3.141592653589793
701.6779210317042;(np.float64(6.283185307179586), np.float64(6.283185307179586), np.float64(6.283185307179586), np.float64(6.283185307179586));-0.008995803035752963;0.016004196964247038;0.486449247148016;6.283185307179586;6.283185307179586;6.283185307179586;6.283185307179586
1398.3558420634083;(np.float64(0.0), np.float64(0.0), np.float64(0.0), np.float64(0.0));0.3151222727430115;0.34012227274301154;10.082638109006027;0.0;0.0;0.0;0.0
1398.3558420634083;(np.float64(0.0), np.float64(0.0), np.float64(0.0), np.float64(3.141592653589793));2.338294579808159;2.363294579808159;8.470325676410946;0.0;0.0;0.0;3.141592653589793
1398.3558420634083;(np.float64(0.0), np.float64(0.0), np.float64(0.0), np.float64(6.283185307179586));-1.464673730094249;-1.439673730094249;4.534513729238734;0.0;0.0;0.0;6.283185307179586
1398.3558420634083;(np.float64(0.0), np.float64(0.0), np.float64(3.141592653589793), np.float64(0.0));-0.6476395294675422;-0.6226395294675422;2.102171123926122;0.0;0.0;3.141592653589793;0.0
1398.3558420634083;(np.float64(0.0), np.float64(0.0), np.float64(3.141592653589793), np.float64(3.141592653589793));0.31945338418729896;0.344453384187299;2.0482768952456514;0.0;0.0;3.141592653589793;3.141592653589793
1398.3558420634083;(np.float64(0.0), np.float64(0.0), np.float64(3.141592653589793), np.float64(6.283185307179586));0.3229655225710462;0.34796552257104624;0.8517890053283027;0.0;0.0;3.141592653589793;6.283185307179586
1398.3558420634083;(np.float64(0.0), np.float64(0.0), np.float64(6.283185307179586), np.float64(0.0));0.8663351477602894;0.8913351477602894;2.752903441457007;0.0;0.0;6.283185307179586;0.0
1398.3558420634083;(np.float64(0.0), np.float64(0.0), np.float64(6.283185307179586), np.float64(3.141592653589793));-0.01209460422370186;0.012905395776298142;5.857166174330265;0.0;0.0;6.283185307179586;3.141592653589793
1398.3558420634083;(np.float64(0.0), np.float64(0.0), np.float64(6.283185307179586), np.float64(6.283185307179586));-0.5756170061844332;-0.5506170061844332;1.9333790670408957;0.0;0.0;6.283185307179586;6.283185307179586
1398.3558420634083;(np.float64(0.0), np.float64(3.141592653589793), np.float64(0.0), np.float64(0.0));0.7339434690692097;0.7589434690692097;0.48812043882901357;0.0;3.141592653589793;0.0;0.0
1398.3558420634083;(np.float64(0.0), np.float64(3.141592653589793), np.float64(0.0), np.float64(3.141592653589793));-5.963991158916548e-08;0.024999940360088412;4.415932468022925;0.0;3.141592653589793;0.0;3.141592653589793
1398.3558420634083;(np.float64(0.0), np.float64(3.141592653589793), np.float64(0.0), np.float64(6.283185307179586));-0.2737968507772778;-0.24879685077727778;1.8045500990623606;0.0;3.141592653589793;0.0;6.283185307179586
1398.3558420634083;(np.float64(0.0), np.float64(3.141592653589793), np.float64(3.141592653589793), np.float64(0.0));-0.31945526435393723;-0.2944552643539372;2.0482847019866757;0.0;3.141592653589793;3.141592653589793;0.0
1398.3558420634083;(np.float64(0.0), np.float64(3.141592653589793), np.float64(3.141592653589793), np.float64(3.141592653589793));-1.3313071605093072;-1.3063071605093073;3.683242338750027;0.0;3.141592653589793;3.141592653589793;3.141592653589793
1398.3558420634083;(np.float64(0.0), np.float64(3.141592653589793), np.float64(3.141592653589793), np.float64(6.283185307179586));-0.3194564534967572;-0.2944564534967572;2.048289760415724;0.0;3.141592653589793;3.141592653589793;6.283185307179586
1398.3558420634083;(np.float64(0.0), np.float64(3.141592653589793), np.float64(6.283185307179586), np.float64(0.0));-1.0964014791009697;-1.0714014791009698;1.7975344480592588;0.0;3.141592653589793;6.283185307179586;0.0
1398.3558420634083;(np.float64(0.0), np.float64(3.141592653589793), np.float64(6.283185307179586), np.float64(3.141592653589793));-3.592129530285981e-08;0.0249999640787047;4.416032258242259;0.0;3.141592653589793;6.283185307179586;3.141592653589793
1398.3558420634083;(np.float64(0.0), np.float64(3.141592653589793), np.float64(6.283185307179586), np.float64(6.283185307179586));-0.6912355766440546;-0.6662355766440545;0.8788093293360905;0.0;3.141592653589793;6.283185307179586;6.283185307179586
1398.3558420634083;(np.float64(0.0), np.float64(6.283185307179586), np.float64(0.0), np.float64(0.0));-0.41170112711494117;-0.38670112711494115;3.571413004563971;0.0;6.283185307179586;0.0;0.0
1398.3558420634083;(np.float64(0.0), np.float64(6.283185307179586), np.float64(0.0), np.float64(3.141592653589793));-0.9546059716477707;-0.9296059716477707;1.223662114089663;0.0;6.283185307179586;0.0;3.141592653589793
1398.3558420634083;(np.float64(0.0), np.float64(6.283185307179586), np.float64(0.0), np.float64(6.283185307179586));1.202069785252546;1.2270697852525458;2.1915302176244404;0.0;6.283185307179586;0.0;6.283185307179586
1398.3558420634083;(np.float64(0.0), np.float64(6.283185307179586), np.float64(3.141592653589793), np.float64(0.0));0.7009743869177113;0.7259743869177113;2.827392006186434;0.0;6.283185307179586;3.141592653589793;0.0
1398.3558420634083;(np.float64(0.0), np.float64(6.283185307179586), np.float64(3.141592653589793), np.float64(3.141592653589793));0.3194578937371227;0.3444578937371227;2.048295593779651;0.0;6.283185307179586;3.141592653589793;3.141592653589793
1398.3558420634083;(np.float64(0.0), np.float64(6.283185307179586), np.float64(3.141592653589793), np.float64(6.283185307179586));0.10262568723828255;0.12762568723828255;1.34043736115179;0.0;6.283185307179586;3.141592653589793;6.283185307179586
1398.3558420634083;(np.float64(0.0), np.float64(6.283185307179586), np.float64(6.283185307179586), np.float64(0.0));0.7434213025799159;0.7684213025799159;0.6627019412602126;0.0;6.283185307179586;6.283185307179586;0.0
1398.3558420634083;(np.float64(0.0), np.float64(6.283185307179586), np.float64(6.283185307179586), np.float64(3.141592653589793));-1.5757389000874011;-1.5507389000874012;3.294105208887546;0.0;6.283185307179586;6.283185307179586;3.141592653589793
1398.3558420634083;(np.float64(0.0), np.float64(6.283185307179586), np.float64(6.283185307179586), np.float64(6.283185307179586));0.18396073130639484;0.20896073130639484;1.281995395197505;0.0;6.283185307179586;6.283185307179586;6.283185307179586
1398.3558420634083;(np.float64(3.141592653589793), np.float64(0.0), np.float64(0.0), np.float64(0.0));-0.4889157501660833;-0.4639157501660833;0.45713563424713916;3.141592653589793;0.0;0.0;0.0
1398.3558420634083;(np.float64(3.141592653589793), np.float64(0.0), np.float64(0.0), np.float64(3.141592653589793));0.348819830396558;0.37381983039655803;0.4929402134396337;3.141592653589793;0.0;0.0;3.141592653589793
1398.3558420634083;(np.float64(3.141592653589793), np.float64(0.0), np.float64(0.0), np.float64(6.283185307179586));1.3041713257037395;1.3291713257037394;2.7308692349733312;3.141592653589793;0.0;0.0;6.283185307179586
1398.3558420634083;(np.float64(3.141592653589793), np.float64(0.0), np.float64(3.141592653589793), np.float64(0.0));-1.5168663144844814;-1.4918663144844815;4.4841400817309225;3.141592653589793;0.0;3.141592653589793;0.0
1398.3558420634083;(np.float64(3.141592653589793), np.float64(0.0), np.float64(3.141592653589793), np.float64(3.141592653589793));-0.7095706222802621;-0.6845706222802621;1.4897182597458989;3.141592653589793;0.0;3.141592653589793;3.141592653589793
1398.3558420634083;(np.float64(3.141592653589793), np.float64(0.0), np.float64(3.141592653589793), np.float64(6.283185307179586));-0.8114919211175533;-0.7864919211175533;2.132891757247051;3.141592653589793;0.0;3.141592653589793;6.283185307179586
1398.3558420634083;(np.float64(3.141592653589793), np.float64(0.0), np.float64(6.283185307179586), np.float64(0.0));0.9210365920998974;0.9460365920998974;1.4537534562927192;3.141592653589793;0.0;6.283185307179586;0.0
1398.3558420634083;(np.float64(3.141592653589793), np.float64(0.0), np.float64(6.283185307179586), np.float64(3.141592653589793));0.35513135798840373;0.38013135798840375;0.513978638744156;3.141592653589793;0.0;6.283185307179586;3.141592653589793
1398.3558420634083;(np.float64(3.141592653589793), np.float64(0.0), np.float64(6.283185307179586), np.float64(6.283185307179586));-0.7973604075353666;-0.7723604075353666;1.041499507745971;3.141592653589793;0.0;6.283185307179586;6.283185307179586
1398.3558420634083;(np.float64(3.141592653589793), np.float64(3.141592653589793), np.float64(0.0), np.float64(3.141592653589793));-0.18138172129563754;-0.15638172129563754;0.7018466321790944;3.141592653589793;3.141592653589793;0.0;3.141592653589793
1398.3558420634083;(np.float64(3.141592653589793), np.float64(3.141592653589793), np.float64(0.0), np.float64(0.0));1.7609294716773525;1.7859294716773524;3.2837719363504125;3.141592653589793;3.141592653589793;0.0;0.0
1398.3558420634083;(np.float64(3.141592653589793), np.float64(3.141592653589793), np.float64(0.0), np.float64(6.283185307179586));1.6973628697939258;1.7223628697939257;3.993314997303752;3.141592653589793;3.141592653589793;0.0;6.283185307179586
1398.3558420634083;(np.float64(3.141592653589793), np.float64(3.141592653589793), np.float64(3.141592653589793), np.float64(0.0));0.7095695572623244;0.7345695572623244;1.4897218569134072;3.141592653589793;3.141592653589793;3.141592653589793;0.0
1398.3558420634083;(np.float64(3.141592653589793), np.float64(3.141592653589793), np.float64(3.141592653589793), np.float64(3.141592653589793));1.7176717409290339;1.7426717409290338;5.463919286448998;3.141592653589793;3.141592653589793;3.141592653589793;3.141592653589793
1398.3558420634083;(np.float64(3.141592653589793), np.float64(3.141592653589793), np.float64(3.141592653589793), np.float64(6.283185307179586));0.7095743219608002;0.7345743219608002;1.4897057777501213;3.141592653589793;3.141592653589793;3.141592653589793;6.283185307179586
1398.3558420634083;(np.float64(3.141592653589793), np.float64(3.141592653589793), np.float64(6.283185307179586), np.float64(0.0));1.8767524714420172;1.901752471442017;3.778768293872344;3.141592653589793;3.141592653589793;6.283185307179586;0.0
1398.3558420634083;(np.float64(3.141592653589793), np.float64(3.141592653589793), np.float64(6.283185307179586), np.float64(3.141592653589793));3.4842330628528234e-05;0.02503484233062853;0.09755583620683761;3.141592653589793;3.141592653589793;6.283185307179586;3.141592653589793
1398.3558420634083;(np.float64(3.141592653589793), np.float64(6.283185307179586), np.float64(0.0), np.float64(0.0));-0.555467880555477;-0.530467880555477;0.23519108447488782;3.141592653589793;6.283185307179586;0.0;0.0
1398.3558420634083;(np.float64(3.141592653589793), np.float64(3.141592653589793), np.float64(6.283185307179586), np.float64(6.283185307179586));1.244778268984034;1.269778268984034;3.2517453779191956;3.141592653589793;3.141592653589793;6.283185307179586;6.283185307179586
1398.3558420634083;(np.float64(3.141592653589793), np.float64(6.283185307179586), np.float64(0.0), np.float64(3.141592653589793));-2.1930031301537123;-2.1680031301537124;4.724017464605308;3.141592653589793;6.283185307179586;0.0;3.141592653589793
1398.3558420634083;(np.float64(3.141592653589793), np.float64(6.283185307179586), np.float64(0.0), np.float64(6.283185307179586));0.5865194973665471;0.6115194973665471;5.066236195845352;3.141592653589793;6.283185307179586;0.0;6.283185307179586
1398.3558420634083;(np.float64(3.141592653589793), np.float64(6.283185307179586), np.float64(3.141592653589793), np.float64(0.0));1.5136187256360032;1.538618725636003;4.886303457834255;3.141592653589793;6.283185307179586;3.141592653589793;0.0
1398.3558420634083;(np.float64(3.141592653589793), np.float64(6.283185307179586), np.float64(3.141592653589793), np.float64(3.141592653589793));-0.7095809590435233;-0.6845809590435232;1.4896833185884393;3.141592653589793;6.283185307179586;3.141592653589793;3.141592653589793
1398.3558420634083;(np.float64(3.141592653589793), np.float64(6.283185307179586), np.float64(3.141592653589793), np.float64(6.283185307179586));-1.1536187072521247;-1.1286187072521248;3.2733147324898018;3.141592653589793;6.283185307179586;3.141592653589793;6.283185307179586
1398.3558420634083;(np.float64(3.141592653589793), np.float64(6.283185307179586), np.float64(6.283185307179586), np.float64(0.0));-0.5708184459804825;-0.5458184459804825;0.28635963589421226;3.141592653589793;6.283185307179586;6.283185307179586;0.0
1398.3558420634083;(np.float64(3.141592653589793), np.float64(6.283185307179586), np.float64(6.283185307179586), np.float64(3.141592653589793));-1.0828372219417974;-1.0578372219417975;2.4988779142617235;3.141592653589793;6.283185307179586;6.283185307179586;3.141592653589793
1398.3558420634083;(np.float64(3.141592653589793), np.float64(6.283185307179586), np.float64(6.283185307179586), np.float64(6.283185307179586));0.4048646476995325;0.42986464769953253;0.23812493023459505;3.141592653589793;6.283185307179586;6.283185307179586;6.283185307179586
1398.3558420634083;(np.float64(6.283185307179586), np.float64(0.0), np.float64(0.0), np.float64(0.0));-0.42396589741500057;-0.39896589741500055;1.7467400092309604;6.283185307179586;0.0;0.0;0.0
1398.3558420634083;(np.float64(6.283185307179586), np.float64(0.0), np.float64(0.0), np.float64(3.141592653589793));0.3485196788157125;0.3735196788157125;0.34802046322881036;6.283185307179586;0.0;0.0;3.141592653589793
1398.3558420634083;(np.float64(6.283185307179586), np.float64(0.0), np.float64(0.0), np.float64(6.283185307179586));-0.7032402049153634;-0.6782402049153634;1.6432578958051984;6.283185307179586;0.0;0.0;6.283185307179586
1398.3558420634083;(np.float64(6.283185307179586), np.float64(0.0), np.float64(3.141592653589793), np.float64(0.0));-0.0005935567319831324;0.02440644326801687;1.0750980343205037;6.283185307179586;0.0;3.141592653589793;0.0
1398.3558420634083;(np.float64(6.283185307179586), np.float64(0.0), np.float64(3.141592653589793), np.float64(3.141592653589793));0.3194541535155356;0.3444541535155356;2.0482800980257725;6.283185307179586;0.0;3.141592653589793;3.141592653589793
1398.3558420634083;(np.float64(6.283185307179586), np.float64(0.0), np.float64(3.141592653589793), np.float64(6.283185307179586));0.5832015519158126;0.6082015519158126;0.5224385861017009;6.283185307179586;0.0;3.141592653589793;6.283185307179586
1398.3558420634083;(np.float64(6.283185307179586), np.float64(0.0), np.float64(6.283185307179586), np.float64(0.0));0.20552219628908583;0.23052219628908582;1.531865381773166;6.283185307179586;0.0;6.283185307179586;0.0
1398.3558420634083;(np.float64(6.283185307179586), np.float64(0.0), np.float64(6.283185307179586), np.float64(3.141592653589793));0.8832769811993815;0.9082769811993815;1.0871194550552987;6.283185307179586;0.0;6.283185307179586;3.141592653589793
1398.3558420634083;(np.float64(6.283185307179586), np.float64(0.0), np.float64(6.283185307179586), np.float64(6.283185307179586));0.29311463992559167;0.3181146399255917;3.5316442376960038;6.283185307179586;0.0;6.283185307179586;6.283185307179586
1398.3558420634083;(np.float64(6.283185307179586), np.float64(3.141592653589793), np.float64(0.0), np.float64(0.0));-0.7147885246863311;-0.6897885246863311;0.5254912666783432;6.283185307179586;3.141592653589793;0.0;0.0
1398.3558420634083;(np.float64(6.283185307179586), np.float64(3.141592653589793), np.float64(0.0), np.float64(3.141592653589793));1.362206575490632e-07;0.02500013622065755;4.415857167831212;6.283185307179586;3.141592653589793;0.0;3.141592653589793
1398.3558420634083;(np.float64(6.283185307179586), np.float64(3.141592653589793), np.float64(0.0), np.float64(6.283185307179586));0.6272851077008782;0.6522851077008782;0.3417037825747728;6.283185307179586;3.141592653589793;0.0;6.283185307179586
1398.3558420634083;(np.float64(6.283185307179586), np.float64(3.141592653589793), np.float64(3.141592653589793), np.float64(0.0));-0.3194522844265507;-0.2944522844265507;2.0482724431471335;6.283185307179586;3.141592653589793;3.141592653589793;0.0
1398.3558420634083;(np.float64(6.283185307179586), np.float64(3.141592653589793), np.float64(3.141592653589793), np.float64(3.141592653589793));1.4297937919312893;1.4547937919312892;2.499935774186108;6.283185307179586;3.141592653589793;3.141592653589793;3.141592653589793
1398.3558420634083;(np.float64(6.283185307179586), np.float64(3.141592653589793), np.float64(3.141592653589793), np.float64(6.283185307179586));-0.31945590444998617;-0.29445590444998615;2.048287415931621;6.283185307179586;3.141592653589793;3.141592653589793;6.283185307179586
1398.3558420634083;(np.float64(6.283185307179586), np.float64(3.141592653589793), np.float64(6.283185307179586), np.float64(0.0));-0.26921023070359457;-0.24421023070359457;2.483265404745512;6.283185307179586;3.141592653589793;6.283185307179586;0.0
1398.3558420634083;(np.float64(6.283185307179586), np.float64(3.141592653589793), np.float64(6.283185307179586), np.float64(3.141592653589793));1.1895573758663458e-07;0.025000118955737588;4.415885652413074;6.283185307179586;3.141592653589793;6.283185307179586;3.141592653589793
1398.3558420634083;(np.float64(6.283185307179586), np.float64(3.141592653589793), np.float64(6.283185307179586), np.float64(6.283185307179586));-0.7482259418282526;-0.7232259418282526;0.6369493238155123;6.283185307179586;3.141592653589793;6.283185307179586;6.283185307179586
1398.3558420634083;(np.float64(6.283185307179586), np.float64(6.283185307179586), np.float64(0.0), np.float64(0.0));1.2800334494465153;1.3050334494465152;2.451409099917085;6.283185307179586;6.283185307179586;0.0;0.0
1398.3558420634083;(np.float64(6.283185307179586), np.float64(6.283185307179586), np.float64(0.0), np.float64(3.141592653589793));1.2846241925860362;1.3096241925860361;2.4249434930104554;6.283185307179586;6.283185307179586;0.0;3.141592653589793
1398.3558420634083;(np.float64(6.283185307179586), np.float64(6.283185307179586), np.float64(0.0), np.float64(6.283185307179586));-1.1248919741102836;-1.0998919741102837;1.9342708504975663;6.283185307179586;6.283185307179586;0.0;6.283185307179586
1398.3558420634083;(np.float64(6.283185307179586), np.float64(6.283185307179586), np.float64(3.141592653589793), np.float64(0.0));0.5295357555000125;0.5545357555000126;1.8259722137134113;6.283185307179586;6.283185307179586;3.141592653589793;0.0
1398.3558420634083;(np.float64(6.283185307179586), np.float64(6.283185307179586), np.float64(3.141592653589793), np.float64(6.283185307179586));1.1472446607335425;1.1722446607335424;3.8597134065838037;6.283185307179586;6.283185307179586;3.141592653589793;6.283185307179586
1398.3558420634083;(np.float64(6.283185307179586), np.float64(6.283185307179586), np.float64(3.141592653589793), np.float64(3.141592653589793));0.3194521854693456;0.34445218546934564;2.048272030108278;6.283185307179586;6.283185307179586;3.141592653589793;3.141592653589793
1398.3558420634083;(np.float64(6.283185307179586), np.float64(6.283185307179586), np.float64(6.283185307179586), np.float64(0.0));0.6804635222637005;0.7054635222637006;0.45284267455381055;6.283185307179586;6.283185307179586;6.283185307179586;0.0
1398.3558420634083;(np.float64(6.283185307179586), np.float64(6.283185307179586), np.float64(6.283185307179586), np.float64(3.141592653589793));0.5438578866972406;0.5688578866972406;2.5320057910273492;6.283185307179586;6.283185307179586;6.283185307179586;3.141592653589793
1398.3558420634083;(np.float64(6.283185307179586), np.float64(6.283185307179586), np.float64(6.283185307179586), np.float64(6.283185307179586));0.9351348962321173;0.9601348962321173;1.3017472554843692;6.283185307179586;6.283185307179586;6.283185307179586;6.283185307179586
