omega	phi_set	final_com_dx	final_com_x	final_com_y	start_com_x	start_com_y	phi0	phi1	phi2	phi3
1078.5809562955171	[3.44058529 5.14773201 1.25002426 5.38374923]	1.579855998582753	1.6048559985827529	3.6068896786547375	0.025	0.005	3.440585289286741	5.147732013557481	1.2500242582094412	5.383749230854813
1078.5809562955171	[2.04524994 1.03682546 2.46633398 0.58722885]	-1.9359214739896553	-1.9109214739896554	4.065689206276507	0.025	0.005	2.0452499401435484	1.0368254640000032	2.4663339782035085	0.5872288522304124
1078.5809562955171	[5.159159   0.94971615 2.41346226 5.93296503]	0.12287266359855806	0.14787266359855805	1.8602998777504214	0.025	0.005	5.159159004963017	0.9497161489686775	2.4134622602982154	5.932965033285766
1047.0945349037474	[3.44058529 5.14773201 1.25002426 5.38374923]	0.00407715388106019	0.02907715388106019	0.5387731074130993	0.025	0.005	3.440585289286741	5.147732013557481	1.2500242582094412	5.383749230854813
1078.5809562955171	[6.20543387 2.86704603 5.19068291 1.57943027]	1.81591793000969	1.8409179300096898	4.394671439950323	0.025	0.005	6.205433872899705	2.8670460259051826	5.190682914358119	1.5794302666547846
1078.5809562955171	[2.2094987  4.74159129 1.85958225 5.5539367 ]	-0.5021049067517744	-0.47710490675177447	7.50448143571645	0.025	0.005	2.2094986973106154	4.741591287517392	1.8595822481541888	5.553936700858894
886.0660774740893	[2.04524994 1.03682546 2.46633398 0.58722885]	-4.411035032552808	-4.386035032552807	12.473254726232309	0.025	0.005	2.0452499401435484	1.0368254640000032	2.4663339782035085	0.5872288522304124
886.0660774740893	[2.2094987  4.74159129 1.85958225 5.5539367 ]	2.8647340412229525	2.8897340412229524	6.712484400809266	0.025	0.005	2.2094986973106154	4.741591287517392	1.8595822481541888	5.553936700858894
886.0660774740893	[3.44058529 5.14773201 1.25002426 5.38374923]	-2.1246628970419925	-2.0996628970419926	3.9387374564421047	0.025	0.005	3.440585289286741	5.147732013557481	1.2500242582094412	5.383749230854813
886.0660774740893	[5.159159   0.94971615 2.41346226 5.93296503]	0.32406442806396984	0.34906442806396987	0.8947836448408263	0.025	0.005	5.159159004963017	0.9497161489686775	2.4134622602982154	5.932965033285766
886.0660774740893	[6.20543387 2.86704603 5.19068291 1.57943027]	-0.9551625531386894	-0.9301625531386893	7.264527051224819	0.025	0.005	6.205433872899705	2.8670460259051826	5.190682914358119	1.5794302666547846
29.019588868973734	[2.2094987  4.74159129 1.85958225 5.5539367 ]	-2.3202962460578114	-2.2952962460578115	5.657981989944283	0.025	0.005	2.2094986973106154	4.741591287517392	1.8595822481541888	5.553936700858894
29.019588868973734	[6.20543387 2.86704603 5.19068291 1.57943027]	3.883085408441365	3.908085408441365	11.625043490388187	0.025	0.005	6.205433872899705	2.8670460259051826	5.190682914358119	1.5794302666547846
1047.0945349037474	[2.04524994 1.03682546 2.46633398 0.58722885]	-0.9466438511668388	-0.9216438511668388	0.43777415493422095	0.025	0.005	2.0452499401435484	1.0368254640000032	2.4663339782035085	0.5872288522304124
1047.0945349037474	[5.159159   0.94971615 2.41346226 5.93296503]	1.4093432922700744	1.4343432922700743	5.975348680536227	0.025	0.005	5.159159004963017	0.9497161489686775	2.4134622602982154	5.932965033285766
1047.0945349037474	[2.2094987  4.74159129 1.85958225 5.5539367 ]	-1.5468772479658375	-1.5218772479658376	2.022214124794105	0.025	0.005	2.2094986973106154	4.741591287517392	1.8595822481541888	5.553936700858894
1047.0945349037474	[6.20543387 2.86704603 5.19068291 1.57943027]	1.3213901146998297	1.3463901146998296	3.203950515508682	0.025	0.005	6.205433872899705	2.8670460259051826	5.190682914358119	1.5794302666547846
697.0906944558903	[2.04524994 1.03682546 2.46633398 0.58722885]	-0.5494699660078333	-0.5244699660078332	0.36621121362228604	0.025	0.005	2.0452499401435484	1.0368254640000032	2.4663339782035085	0.5872288522304124
697.0906944558903	[5.159159   0.94971615 2.41346226 5.93296503]	-0.6026948406324684	-0.5776948406324683	1.1424958723291179	0.025	0.005	5.159159004963017	0.9497161489686775	2.4134622602982154	5.932965033285766
697.0906944558903	[3.44058529 5.14773201 1.25002426 5.38374923]	-1.0809433892031524	-1.0559433892031524	2.0836083587969303	0.025	0.005	3.440585289286741	5.147732013557481	1.2500242582094412	5.383749230854813
697.0906944558903	[6.20543387 2.86704603 5.19068291 1.57943027]	-1.7827437427354995	-1.7577437427354996	5.646657768479159	0.025	0.005	6.205433872899705	2.8670460259051826	5.190682914358119	1.5794302666547846
697.0906944558903	[2.2094987  4.74159129 1.85958225 5.5539367 ]	-0.32383967283487025	-0.29883967283487023	0.7993200903276698	0.025	0.005	2.2094986973106154	4.741591287517392	1.8595822481541888	5.553936700858894
314.34647775767246	[2.2094987  4.74159129 1.85958225 5.5539367 ]	-0.5904278295792311	-0.5654278295792311	0.9914841961499262	0.025	0.005	2.2094986973106154	4.741591287517392	1.8595822481541888	5.553936700858894
314.34647775767246	[3.44058529 5.14773201 1.25002426 5.38374923]	-0.22171321335265354	-0.19671321335265354	0.48932239677275013	0.025	0.005	3.440585289286741	5.147732013557481	1.2500242582094412	5.383749230854813
314.34647775767246	[2.04524994 1.03682546 2.46633398 0.58722885]	-0.2585322562438389	-0.2335322562438389	0.5794190147501102	0.025	0.005	2.0452499401435484	1.0368254640000032	2.4663339782035085	0.5872288522304124
314.34647775767246	[5.159159   0.94971615 2.41346226 5.93296503]	0.7036136653690539	0.7286136653690539	0.7532703050476626	0.025	0.005	5.159159004963017	0.9497161489686775	2.4134622602982154	5.932965033285766
29.019588868973734	[5.159159   0.94971615 2.41346226 5.93296503]	-0.0009780922638401301	0.02402190773615987	0.005898980236091315	0.025	0.005	5.159159004963017	0.9497161489686775	2.4134622602982154	5.932965033285766
1063.4928039413464	[3.44058529 5.14773201 1.25002426 5.38374923]	-2.01295970725941	-1.9879597072594102	5.212742022851327	0.025	0.005	3.440585289286741	5.147732013557481	1.2500242582094412	5.383749230854813
1063.4928039413464	[2.04524994 1.03682546 2.46633398 0.58722885]	1.0767130570865724	1.1017130570865723	2.0448827280298065	0.025	0.005	2.0452499401435484	1.0368254640000032	2.4663339782035085	0.5872288522304124
314.34647775767246	[6.20543387 2.86704603 5.19068291 1.57943027]	-0.6079844026142136	-0.5829844026142136	0.32611779483992837	0.025	0.005	6.205433872899705	2.8670460259051826	5.190682914358119	1.5794302666547846
1063.4928039413464	[2.2094987  4.74159129 1.85958225 5.5539367 ]	-1.1595061951295242	-1.1345061951295243	0.4459434382724091	0.025	0.005	2.2094986973106154	4.741591287517392	1.8595822481541888	5.553936700858894
276.9631659695702	[2.2094987  4.74159129 1.85958225 5.5539367 ]	-0.5953888951022632	-0.5703888951022632	0.1823865006015414	0.025	0.005	2.2094986973106154	4.741591287517392	1.8595822481541888	5.553936700858894
276.9631659695702	[6.20543387 2.86704603 5.19068291 1.57943027]	0.7330782510083409	0.7580782510083409	1.6569366143230333	0.025	0.005	6.205433872899705	2.8670460259051826	5.190682914358119	1.5794302666547846
1063.4928039413464	[5.159159   0.94971615 2.41346226 5.93296503]	0.2665812085698549	0.2915812085698549	1.5269388260335026	0.025	0.005	5.159159004963017	0.9497161489686775	2.4134622602982154	5.932965033285766
276.9631659695702	[5.159159   0.94971615 2.41346226 5.93296503]	3.3966218609120626	3.4216218609120626	9.666974177154849	0.025	0.005	5.159159004963017	0.9497161489686775	2.4134622602982154	5.932965033285766
276.9631659695702	[2.04524994 1.03682546 2.46633398 0.58722885]	-0.07156902416107666	-0.046569024161076666	0.055180607536670256	0.025	0.005	2.0452499401435484	1.0368254640000032	2.4663339782035085	0.5872288522304124
276.9631659695702	[3.44058529 5.14773201 1.25002426 5.38374923]	0.0774434742128351	0.10244347421283509	0.4982622749858613	0.025	0.005	3.440585289286741	5.147732013557481	1.2500242582094412	5.383749230854813
1063.4928039413464	[6.20543387 2.86704603 5.19068291 1.57943027]	-1.214669657090072	-1.189669657090072	1.7233223478166972	0.025	0.005	6.205433872899705	2.8670460259051826	5.190682914358119	1.5794302666547846
29.019588868973734	[3.44058529 5.14773201 1.25002426 5.38374923]	-0.0019222491968889574	0.023077750803111044	0.006812103957470193	0.025	0.005	3.440585289286741	5.147732013557481	1.2500242582094412	5.383749230854813
29.019588868973734	[2.04524994 1.03682546 2.46633398 0.58722885]	0.014498131022799322	0.039498131022799324	0.005253935601805972	0.025	0.005	2.0452499401435484	1.0368254640000032	2.4663339782035085	0.5872288522304124
236.47795715261512	[3.44058529 5.14773201 1.25002426 5.38374923]	-0.0945345925531505	-0.06953459255315049	3.9527065263200893	0.025	0.005	3.440585289286741	5.147732013557481	1.2500242582094412	5.383749230854813
236.47795715261512	[2.2094987  4.74159129 1.85958225 5.5539367 ]	1.0092800987216826	1.0342800987216825	21.12200378621595	0.025	0.005	2.2094986973106154	4.741591287517392	1.8595822481541888	5.553936700858894
236.47795715261512	[2.04524994 1.03682546 2.46633398 0.58722885]	0.26932933035529116	0.2943293303552912	1.5571924995177386	0.025	0.005	2.0452499401435484	1.0368254640000032	2.4663339782035085	0.5872288522304124
236.47795715261512	[6.20543387 2.86704603 5.19068291 1.57943027]	1.9591793801305768	1.9841793801305767	4.0778101915219915	0.025	0.005	6.205433872899705	2.8670460259051826	5.190682914358119	1.5794302666547846
958.3772205703074	[3.44058529 5.14773201 1.25002426 5.38374923]	1.502289449022699	1.527289449022699	11.013978557972866	0.025	0.005	3.440585289286741	5.147732013557481	1.2500242582094412	5.383749230854813
236.47795715261512	[5.159159   0.94971615 2.41346226 5.93296503]	0.2919930530011591	0.3169930530011591	0.20548079252891133	0.025	0.005	5.159159004963017	0.9497161489686775	2.4134622602982154	5.932965033285766
958.3772205703074	[2.2094987  4.74159129 1.85958225 5.5539367 ]	1.991988214464829	2.016988214464829	6.189719520779648	0.025	0.005	2.2094986973106154	4.741591287517392	1.8595822481541888	5.553936700858894
958.3772205703074	[2.04524994 1.03682546 2.46633398 0.58722885]	-0.37485994663956457	-0.34985994663956455	0.7761439423254843	0.025	0.005	2.0452499401435484	1.0368254640000032	2.4663339782035085	0.5872288522304124
958.3772205703074	[5.159159   0.94971615 2.41346226 5.93296503]	1.094923527531614	1.119923527531614	1.4925169068520185	0.025	0.005	5.159159004963017	0.9497161489686775	2.4134622602982154	5.932965033285766
123.53140689720897	[2.2094987  4.74159129 1.85958225 5.5539367 ]	4.7572568317405555	4.782256831740556	16.609877015493307	0.025	0.005	2.2094986973106154	4.741591287517392	1.8595822481541888	5.553936700858894
958.3772205703074	[6.20543387 2.86704603 5.19068291 1.57943027]	-2.345538399072779	-2.3205383990727793	5.246253908372651	0.025	0.005	6.205433872899705	2.8670460259051826	5.190682914358119	1.5794302666547846
123.53140689720897	[6.20543387 2.86704603 5.19068291 1.57943027]	-0.5990138811718199	-0.5740138811718198	0.8948099107140774	0.025	0.005	6.205433872899705	2.8670460259051826	5.190682914358119	1.5794302666547846
123.53140689720897	[2.04524994 1.03682546 2.46633398 0.58722885]	-0.07860738138031376	-0.05360738138031376	0.23114449685489852	0.025	0.005	2.0452499401435484	1.0368254640000032	2.4663339782035085	0.5872288522304124
123.53140689720897	[5.159159   0.94971615 2.41346226 5.93296503]	0.8459589110548572	0.8709589110548572	2.5095324866400976	0.025	0.005	5.159159004963017	0.9497161489686775	2.4134622602982154	5.932965033285766
123.53140689720897	[3.44058529 5.14773201 1.25002426 5.38374923]	0.004171159827389578	0.02917115982738958	0.007404974334340466	0.025	0.005	3.440585289286741	5.147732013557481	1.2500242582094412	5.383749230854813
1333.1832020427248	[3.44058529 5.14773201 1.25002426 5.38374923]	-0.9361017060019999	-0.9111017060019999	0.34071253939361545	0.025	0.005	3.440585289286741	5.147732013557481	1.2500242582094412	5.383749230854813
1333.1832020427248	[2.2094987  4.74159129 1.85958225 5.5539367 ]	-0.5540042697664976	-0.5290042697664976	0.3506251015134126	0.025	0.005	2.2094986973106154	4.741591287517392	1.8595822481541888	5.553936700858894
1333.1832020427248	[2.04524994 1.03682546 2.46633398 0.58722885]	1.8320330481355345	1.8570330481355344	7.10596275626222	0.025	0.005	2.0452499401435484	1.0368254640000032	2.4663339782035085	0.5872288522304124
1333.1832020427248	[5.159159   0.94971615 2.41346226 5.93296503]	-1.9742570239917192	-1.9492570239917193	3.814073192710169	0.025	0.005	5.159159004963017	0.9497161489686775	2.4134622602982154	5.932965033285766
1333.1832020427248	[6.20543387 2.86704603 5.19068291 1.57943027]	2.3574803198630505	2.3824803198630504	5.94056310650358	0.025	0.005	6.205433872899705	2.8670460259051826	5.190682914358119	1.5794302666547846
716.2275315729173	[3.44058529 5.14773201 1.25002426 5.38374923]	-1.3791672599732379	-1.354167259973238	2.8911752428014545	0.025	0.005	3.440585289286741	5.147732013557481	1.2500242582094412	5.383749230854813
716.2275315729173	[2.04524994 1.03682546 2.46633398 0.58722885]	-1.3673791751809912	-1.3423791751809913	4.681705533020298	0.025	0.005	2.0452499401435484	1.0368254640000032	2.4663339782035085	0.5872288522304124
716.2275315729173	[2.2094987  4.74159129 1.85958225 5.5539367 ]	-0.3970854270737155	-0.3720854270737155	4.010613085776673	0.025	0.005	2.2094986973106154	4.741591287517392	1.8595822481541888	5.553936700858894
716.2275315729173	[5.159159   0.94971615 2.41346226 5.93296503]	0.2339036770923212	0.2589036770923212	0.5028121925260456	0.025	0.005	5.159159004963017	0.9497161489686775	2.4134622602982154	5.932965033285766
716.2275315729173	[6.20543387 2.86704603 5.19068291 1.57943027]	-0.4309930854905398	-0.40599308549053975	1.955576771101774	0.025	0.005	6.205433872899705	2.8670460259051826	5.190682914358119	1.5794302666547846
1136.3334564884562	[3.44058529 5.14773201 1.25002426 5.38374923]	1.3045207917738173	1.3295207917738172	3.405655533023949	0.025	0.005	3.440585289286741	5.147732013557481	1.2500242582094412	5.383749230854813
1136.3334564884562	[2.04524994 1.03682546 2.46633398 0.58722885]	1.925975183580077	1.9509751835800768	3.177417661020758	0.025	0.005	2.0452499401435484	1.0368254640000032	2.4663339782035085	0.5872288522304124
1136.3334564884562	[2.2094987  4.74159129 1.85958225 5.5539367 ]	-1.7105825658887346	-1.6855825658887347	3.8364724632711282	0.025	0.005	2.2094986973106154	4.741591287517392	1.8595822481541888	5.553936700858894
5.522077337395086	[6.20543387 2.86704603 5.19068291 1.57943027]	0.250297411668237	0.275297411668237	7.3304422242007785	0.025	0.005	6.205433872899705	2.8670460259051826	5.190682914358119	1.5794302666547846
1136.3334564884562	[5.159159   0.94971615 2.41346226 5.93296503]	1.561277934424063	1.586277934424063	2.648161318163842	0.025	0.005	5.159159004963017	0.9497161489686775	2.4134622602982154	5.932965033285766
1136.3334564884562	[6.20543387 2.86704603 5.19068291 1.57943027]	-4.178302426113174	-4.153302426113173	16.62364979294699	0.025	0.005	6.205433872899705	2.8670460259051826	5.190682914358119	1.5794302666547846
856.5297914409298	[3.44058529 5.14773201 1.25002426 5.38374923]	-1.6586784249862252	-1.6336784249862253	7.10588458074158	0.025	0.005	3.440585289286741	5.147732013557481	1.2500242582094412	5.383749230854813
856.5297914409298	[2.2094987  4.74159129 1.85958225 5.5539367 ]	0.02978169272539545	0.05478169272539545	2.0843706771125543	0.025	0.005	2.2094986973106154	4.741591287517392	1.8595822481541888	5.553936700858894
856.5297914409298	[2.04524994 1.03682546 2.46633398 0.58722885]	4.408381245987167	4.433381245987167	19.69633127703326	0.025	0.005	2.0452499401435484	1.0368254640000032	2.4663339782035085	0.5872288522304124
856.5297914409298	[5.159159   0.94971615 2.41346226 5.93296503]	1.624140115244403	1.649140115244403	8.508609009444424	0.025	0.005	5.159159004963017	0.9497161489686775	2.4134622602982154	5.932965033285766
856.5297914409298	[6.20543387 2.86704603 5.19068291 1.57943027]	0.2579746597336316	0.2829746597336316	0.8430005344287825	0.025	0.005	6.205433872899705	2.8670460259051826	5.190682914358119	1.5794302666547846
1009.2710429157692	[3.44058529 5.14773201 1.25002426 5.38374923]	-2.1598098887420596	-2.1348098887420597	3.8700103044085785	0.025	0.005	3.440585289286741	5.147732013557481	1.2500242582094412	5.383749230854813
1009.2710429157692	[2.2094987  4.74159129 1.85958225 5.5539367 ]	0.2610939636500837	0.2860939636500837	0.7840249459219985	0.025	0.005	2.2094986973106154	4.741591287517392	1.8595822481541888	5.553936700858894
1009.2710429157692	[2.04524994 1.03682546 2.46633398 0.58722885]	0.1258302264821714	0.1508302264821714	1.9474135217215978	0.025	0.005	2.0452499401435484	1.0368254640000032	2.4663339782035085	0.5872288522304124
1009.2710429157692	[5.159159   0.94971615 2.41346226 5.93296503]	2.0309867681639395	2.0559867681639394	5.600004108679573	0.025	0.005	5.159159004963017	0.9497161489686775	2.4134622602982154	5.932965033285766
1009.2710429157692	[6.20543387 2.86704603 5.19068291 1.57943027]	-2.7093919561550326	-2.6843919561550327	10.487494326998506	0.025	0.005	6.205433872899705	2.8670460259051826	5.190682914358119	1.5794302666547846
408.1473132088343	[3.44058529 5.14773201 1.25002426 5.38374923]	-0.8733994629624514	-0.8483994629624514	1.9220905465183908	0.025	0.005	3.440585289286741	5.147732013557481	1.2500242582094412	5.383749230854813
5.522077337395086	[2.2094987  4.74159129 1.85958225 5.5539367 ]	-0.010149898737752749	0.014850101262247253	0.1704510142737654	0.025	0.005	2.2094986973106154	4.741591287517392	1.8595822481541888	5.553936700858894
408.1473132088343	[2.2094987  4.74159129 1.85958225 5.5539367 ]	0.7239461855696243	0.7489461855696243	1.258243187991687	0.025	0.005	2.2094986973106154	4.741591287517392	1.8595822481541888	5.553936700858894
408.1473132088343	[2.04524994 1.03682546 2.46633398 0.58722885]	0.13218428452042127	0.15718428452042127	1.5450351011057841	0.025	0.005	2.0452499401435484	1.0368254640000032	2.4663339782035085	0.5872288522304124
408.1473132088343	[5.159159   0.94971615 2.41346226 5.93296503]	1.7799474820779386	1.8049474820779385	3.932415961067711	0.025	0.005	5.159159004963017	0.9497161489686775	2.4134622602982154	5.932965033285766
1283.3748881364702	[3.44058529 5.14773201 1.25002426 5.38374923]	-0.1494851089602777	-0.12448510896027769	5.125419761543294	0.025	0.005	3.440585289286741	5.147732013557481	1.2500242582094412	5.383749230854813
408.1473132088343	[6.20543387 2.86704603 5.19068291 1.57943027]	-0.3390426390430009	-0.3140426390430009	0.5282908108618218	0.025	0.005	6.205433872899705	2.8670460259051826	5.190682914358119	1.5794302666547846
1283.3748881364702	[2.2094987  4.74159129 1.85958225 5.5539367 ]	-0.7258185477056045	-0.7008185477056045	0.6518325841907646	0.025	0.005	2.2094986973106154	4.741591287517392	1.8595822481541888	5.553936700858894
1283.3748881364702	[2.04524994 1.03682546 2.46633398 0.58722885]	3.4292309642430543	3.454230964243054	9.53597462089081	0.025	0.005	2.0452499401435484	1.0368254640000032	2.4663339782035085	0.5872288522304124
1283.3748881364702	[5.159159   0.94971615 2.41346226 5.93296503]	-0.7490011981034117	-0.7240011981034117	4.4718329314975	0.025	0.005	5.159159004963017	0.9497161489686775	2.4134622602982154	5.932965033285766
1283.3748881364702	[6.20543387 2.86704603 5.19068291 1.57943027]	-2.2180268469703823	-2.1930268469703824	4.128968487298935	0.025	0.005	6.205433872899705	2.8670460259051826	5.190682914358119	1.5794302666547846
999.2315067354139	[3.44058529 5.14773201 1.25002426 5.38374923]	0.46949914458101033	0.49449914458101035	0.2970307651029256	0.025	0.005	3.440585289286741	5.147732013557481	1.2500242582094412	5.383749230854813
5.522077337395086	[3.44058529 5.14773201 1.25002426 5.38374923]	0.00033126284065848957	0.02533126284065849	0.006115262849890109	0.025	0.005	3.440585289286741	5.147732013557481	1.2500242582094412	5.383749230854813
999.2315067354139	[2.2094987  4.74159129 1.85958225 5.5539367 ]	1.6184727869522435	1.6434727869522434	2.7792828929428794	0.025	0.005	2.2094986973106154	4.741591287517392	1.8595822481541888	5.553936700858894
5.522077337395086	[2.04524994 1.03682546 2.46633398 0.58722885]	0.004437620970207709	0.02943762097020771	0.006163278194624151	0.025	0.005	2.0452499401435484	1.0368254640000032	2.4663339782035085	0.5872288522304124
5.522077337395086	[5.159159   0.94971615 2.41346226 5.93296503]	0.0020355028478004945	0.027035502847800496	0.006018731421019811	0.025	0.005	5.159159004963017	0.9497161489686775	2.4134622602982154	5.932965033285766
999.2315067354139	[2.04524994 1.03682546 2.46633398 0.58722885]	2.0568839740548346	2.0818839740548345	4.11993226085443	0.025	0.005	2.0452499401435484	1.0368254640000032	2.4663339782035085	0.5872288522304124
999.2315067354139	[5.159159   0.94971615 2.41346226 5.93296503]	1.8321199852756265	1.8571199852756264	4.484818823010693	0.025	0.005	5.159159004963017	0.9497161489686775	2.4134622602982154	5.932965033285766
999.2315067354139	[6.20543387 2.86704603 5.19068291 1.57943027]	-0.03286009765693617	-0.007860097656936169	0.3420121393873328	0.025	0.005	6.205433872899705	2.8670460259051826	5.190682914358119	1.5794302666547846
758.6705440427789	[3.44058529 5.14773201 1.25002426 5.38374923]	-0.1389610519901174	-0.1139610519901174	1.581685930570874	0.025	0.005	3.440585289286741	5.147732013557481	1.2500242582094412	5.383749230854813
758.6705440427789	[2.2094987  4.74159129 1.85958225 5.5539367 ]	-0.9918229409960644	-0.9668229409960644	2.476452649266207	0.025	0.005	2.2094986973106154	4.741591287517392	1.8595822481541888	5.553936700858894
758.6705440427789	[2.04524994 1.03682546 2.46633398 0.58722885]	-2.1345697579085225	-2.1095697579085226	5.41408927044213	0.025	0.005	2.0452499401435484	1.0368254640000032	2.4663339782035085	0.5872288522304124
758.6705440427789	[5.159159   0.94971615 2.41346226 5.93296503]	2.2931231560788308	2.3181231560788307	10.06800972828117	0.025	0.005	5.159159004963017	0.9497161489686775	2.4134622602982154	5.932965033285766
758.6705440427789	[6.20543387 2.86704603 5.19068291 1.57943027]	1.1703142640434412	1.195314264043441	2.4237210507865625	0.025	0.005	6.205433872899705	2.8670460259051826	5.190682914358119	1.5794302666547846
198.8051744599805	[2.2094987  4.74159129 1.85958225 5.5539367 ]	-0.8464296433211976	-0.8214296433211976	8.40576089576088	0.025	0.005	2.2094986973106154	4.741591287517392	1.8595822481541888	5.553936700858894
198.8051744599805	[3.44058529 5.14773201 1.25002426 5.38374923]	0.21758068954471127	0.24258068954471126	0.23532390025051309	0.025	0.005	3.440585289286741	5.147732013557481	1.2500242582094412	5.383749230854813
198.8051744599805	[2.04524994 1.03682546 2.46633398 0.58722885]	-0.41957460748679415	-0.3945746074867941	0.10393413348978413	0.025	0.005	2.0452499401435484	1.0368254640000032	2.4663339782035085	0.5872288522304124
198.8051744599805	[5.159159   0.94971615 2.41346226 5.93296503]	0.858426384429446	0.883426384429446	2.7564486530543766	0.025	0.005	5.159159004963017	0.9497161489686775	2.4134622602982154	5.932965033285766
522.063859557605	[2.2094987  4.74159129 1.85958225 5.5539367 ]	1.1696118378573628	1.1946118378573627	10.25091806297476	0.025	0.005	2.2094986973106154	4.741591287517392	1.8595822481541888	5.553936700858894
522.063859557605	[3.44058529 5.14773201 1.25002426 5.38374923]	-0.9753154655299454	-0.9503154655299454	0.3201173641308094	0.025	0.005	3.440585289286741	5.147732013557481	1.2500242582094412	5.383749230854813
522.063859557605	[2.04524994 1.03682546 2.46633398 0.58722885]	1.3844633021205335	1.4094633021205334	1.133058302519779	0.025	0.005	2.0452499401435484	1.0368254640000032	2.4663339782035085	0.5872288522304124
198.8051744599805	[6.20543387 2.86704603 5.19068291 1.57943027]	-0.03205833465411566	-0.0070583346541156534	0.4272119061517383	0.025	0.005	6.205433872899705	2.8670460259051826	5.190682914358119	1.5794302666547846
522.063859557605	[5.159159   0.94971615 2.41346226 5.93296503]	0.3761750158615839	0.40117501586158394	2.974734990320787	0.025	0.005	5.159159004963017	0.9497161489686775	2.4134622602982154	5.932965033285766
522.063859557605	[6.20543387 2.86704603 5.19068291 1.57943027]	2.2190168239683143	2.2440168239683143	11.54680915368316	0.025	0.005	6.205433872899705	2.8670460259051826	5.190682914358119	1.5794302666547846
942.6790048257337	[3.44058529 5.14773201 1.25002426 5.38374923]	-1.3900122844454188	-1.3650122844454189	1.5869938138780648	0.025	0.005	3.440585289286741	5.147732013557481	1.2500242582094412	5.383749230854813
942.6790048257337	[2.2094987  4.74159129 1.85958225 5.5539367 ]	-1.0932748367734046	-1.0682748367734047	3.586377929206966	0.025	0.005	2.2094986973106154	4.741591287517392	1.8595822481541888	5.553936700858894
942.6790048257337	[2.04524994 1.03682546 2.46633398 0.58722885]	0.3039500078010793	0.3289500078010793	1.9109907495613998	0.025	0.005	2.0452499401435484	1.0368254640000032	2.4663339782035085	0.5872288522304124
942.6790048257337	[5.159159   0.94971615 2.41346226 5.93296503]	-2.094863375824873	-2.0698633758248732	4.0092312030395405	0.025	0.005	5.159159004963017	0.9497161489686775	2.4134622602982154	5.932965033285766
942.6790048257337	[6.20543387 2.86704603 5.19068291 1.57943027]	1.9839702821466254	2.0089702821466253	4.070894081814132	0.025	0.005	6.205433872899705	2.8670460259051826	5.190682914358119	1.5794302666547846
617.840558838643	[3.44058529 5.14773201 1.25002426 5.38374923]	-2.8266988213102384	-2.8016988213102385	7.304145174679571	0.025	0.005	3.440585289286741	5.147732013557481	1.2500242582094412	5.383749230854813
617.840558838643	[2.2094987  4.74159129 1.85958225 5.5539367 ]	-2.806741659557622	-2.781741659557622	6.7906982111300955	0.025	0.005	2.2094986973106154	4.741591287517392	1.8595822481541888	5.553936700858894
617.840558838643	[2.04524994 1.03682546 2.46633398 0.58722885]	0.20202090302375014	0.22702090302375014	2.81285207743636	0.025	0.005	2.0452499401435484	1.0368254640000032	2.4663339782035085	0.5872288522304124
617.840558838643	[5.159159   0.94971615 2.41346226 5.93296503]	2.1486544959985947	2.1736544959985946	4.460471207950788	0.025	0.005	5.159159004963017	0.9497161489686775	2.4134622602982154	5.932965033285766
617.840558838643	[6.20543387 2.86704603 5.19068291 1.57943027]	3.3424434224530657	3.3674434224530656	8.433953360796968	0.025	0.005	6.205433872899705	2.8670460259051826	5.190682914358119	1.5794302666547846
606.906569100887	[3.44058529 5.14773201 1.25002426 5.38374923]	1.8748328848585873	1.8998328848585873	4.137805715404524	0.025	0.005	3.440585289286741	5.147732013557481	1.2500242582094412	5.383749230854813
606.906569100887	[2.2094987  4.74159129 1.85958225 5.5539367 ]	-3.6657504081974945	-3.6407504081974946	9.737378465381768	0.025	0.005	2.2094986973106154	4.741591287517392	1.8595822481541888	5.553936700858894
606.906569100887	[5.159159   0.94971615 2.41346226 5.93296503]	-1.7095072875841715	-1.6845072875841716	2.399563984547048	0.025	0.005	5.159159004963017	0.9497161489686775	2.4134622602982154	5.932965033285766
606.906569100887	[2.04524994 1.03682546 2.46633398 0.58722885]	1.016352474695496	1.0413524746954959	4.337309594821416	0.025	0.005	2.0452499401435484	1.0368254640000032	2.4663339782035085	0.5872288522304124
863.858445609451	[3.44058529 5.14773201 1.25002426 5.38374923]	-0.9721194815265299	-0.9471194815265299	3.7902195478423377	0.025	0.005	3.440585289286741	5.147732013557481	1.2500242582094412	5.383749230854813
606.906569100887	[6.20543387 2.86704603 5.19068291 1.57943027]	0.8544737889439193	0.8794737889439194	0.33816956589318214	0.025	0.005	6.205433872899705	2.8670460259051826	5.190682914358119	1.5794302666547846
863.858445609451	[2.2094987  4.74159129 1.85958225 5.5539367 ]	0.17199030535012588	0.19699030535012588	0.3611258616020615	0.025	0.005	2.2094986973106154	4.741591287517392	1.8595822481541888	5.553936700858894
863.858445609451	[2.04524994 1.03682546 2.46633398 0.58722885]	3.0040409851088663	3.029040985108866	7.695490330019998	0.025	0.005	2.0452499401435484	1.0368254640000032	2.4663339782035085	0.5872288522304124
863.858445609451	[5.159159   0.94971615 2.41346226 5.93296503]	-1.0567407195148713	-1.0317407195148713	3.031918332332752	0.025	0.005	5.159159004963017	0.9497161489686775	2.4134622602982154	5.932965033285766
863.858445609451	[6.20543387 2.86704603 5.19068291 1.57943027]	0.12967723424083116	0.15467723424083116	1.7439039551076334	0.025	0.005	6.205433872899705	2.8670460259051826	5.190682914358119	1.5794302666547846
717.5503461238402	[3.44058529 5.14773201 1.25002426 5.38374923]	0.2278806472851754	0.2528806472851754	0.6801759839997178	0.025	0.005	3.440585289286741	5.147732013557481	1.2500242582094412	5.383749230854813
717.5503461238402	[2.2094987  4.74159129 1.85958225 5.5539367 ]	-1.5175191153118508	-1.4925191153118509	3.436937659050147	0.025	0.005	2.2094986973106154	4.741591287517392	1.8595822481541888	5.553936700858894
717.5503461238402	[2.04524994 1.03682546 2.46633398 0.58722885]	-2.941892123597018	-2.916892123597018	7.710637877586709	0.025	0.005	2.0452499401435484	1.0368254640000032	2.4663339782035085	0.5872288522304124
717.5503461238402	[5.159159   0.94971615 2.41346226 5.93296503]	1.2426607307361157	1.2676607307361156	3.1757883066669006	0.025	0.005	5.159159004963017	0.9497161489686775	2.4134622602982154	5.932965033285766
717.5503461238402	[6.20543387 2.86704603 5.19068291 1.57943027]	-0.4533754583699072	-0.4283754583699072	5.0761251244510985	0.025	0.005	6.205433872899705	2.8670460259051826	5.190682914358119	1.5794302666547846
909.4870486182627	[3.44058529 5.14773201 1.25002426 5.38374923]	2.547380144900422	2.5723801449004218	5.480221931438689	0.025	0.005	3.440585289286741	5.147732013557481	1.2500242582094412	5.383749230854813
909.4870486182627	[2.04524994 1.03682546 2.46633398 0.58722885]	1.7182046832907572	1.743204683290757	2.806092495710606	0.025	0.005	2.0452499401435484	1.0368254640000032	2.4663339782035085	0.5872288522304124
909.4870486182627	[2.2094987  4.74159129 1.85958225 5.5539367 ]	1.6117708378664024	1.6367708378664023	2.7295224802533022	0.025	0.005	2.2094986973106154	4.741591287517392	1.8595822481541888	5.553936700858894
909.4870486182627	[5.159159   0.94971615 2.41346226 5.93296503]	-0.799401817441153	-0.774401817441153	2.539087932331306	0.025	0.005	5.159159004963017	0.9497161489686775	2.4134622602982154	5.932965033285766
909.4870486182627	[6.20543387 2.86704603 5.19068291 1.57943027]	2.491500751946513	2.516500751946513	11.343059670465498	0.025	0.005	6.205433872899705	2.8670460259051826	5.190682914358119	1.5794302666547846
840.4667307619679	[3.44058529 5.14773201 1.25002426 5.38374923]	0.5299644910100056	0.5549644910100057	2.9368915553548094	0.025	0.005	3.440585289286741	5.147732013557481	1.2500242582094412	5.383749230854813
840.4667307619679	[2.2094987  4.74159129 1.85958225 5.5539367 ]	-0.8195602814042097	-0.7945602814042096	0.5931350889587031	0.025	0.005	2.2094986973106154	4.741591287517392	1.8595822481541888	5.553936700858894
840.4667307619679	[2.04524994 1.03682546 2.46633398 0.58722885]	-0.194416182924537	-0.169416182924537	2.8877965904063783	0.025	0.005	2.0452499401435484	1.0368254640000032	2.4663339782035085	0.5872288522304124
840.4667307619679	[5.159159   0.94971615 2.41346226 5.93296503]	0.9833984239933419	1.008398423993342	5.79088235224638	0.025	0.005	5.159159004963017	0.9497161489686775	2.4134622602982154	5.932965033285766
840.4667307619679	[6.20543387 2.86704603 5.19068291 1.57943027]	3.085005225229097	3.110005225229097	8.297534658075705	0.025	0.005	6.205433872899705	2.8670460259051826	5.190682914358119	1.5794302666547846
1125.988756232848	[3.44058529 5.14773201 1.25002426 5.38374923]	-0.22603043030459474	-0.20103043030459475	1.041314747702256	0.025	0.005	3.440585289286741	5.147732013557481	1.2500242582094412	5.383749230854813
1125.988756232848	[2.2094987  4.74159129 1.85958225 5.5539367 ]	0.9615337029497768	0.9865337029497768	0.6412267325661869	0.025	0.005	2.2094986973106154	4.741591287517392	1.8595822481541888	5.553936700858894
1125.988756232848	[2.04524994 1.03682546 2.46633398 0.58722885]	-1.1301539551060085	-1.1051539551060086	1.6103706159521154	0.025	0.005	2.0452499401435484	1.0368254640000032	2.4663339782035085	0.5872288522304124
1125.988756232848	[5.159159   0.94971615 2.41346226 5.93296503]	-1.6207238105885313	-1.5957238105885314	4.9352011411687045	0.025	0.005	5.159159004963017	0.9497161489686775	2.4134622602982154	5.932965033285766
1125.988756232848	[6.20543387 2.86704603 5.19068291 1.57943027]	-1.4013268817752516	-1.3763268817752516	2.487651199717466	0.025	0.005	6.205433872899705	2.8670460259051826	5.190682914358119	1.5794302666547846
729.448821398227	[3.44058529 5.14773201 1.25002426 5.38374923]	3.030151822723879	3.0551518227238788	7.370873159499089	0.025	0.005	3.440585289286741	5.147732013557481	1.2500242582094412	5.383749230854813
729.448821398227	[2.2094987  4.74159129 1.85958225 5.5539367 ]	-0.0035312544763888773	0.021468745523611124	1.8206759392761587	0.025	0.005	2.2094986973106154	4.741591287517392	1.8595822481541888	5.553936700858894
729.448821398227	[2.04524994 1.03682546 2.46633398 0.58722885]	1.4121021421335407	1.4371021421335406	2.884248707288339	0.025	0.005	2.0452499401435484	1.0368254640000032	2.4663339782035085	0.5872288522304124
729.448821398227	[5.159159   0.94971615 2.41346226 5.93296503]	-2.5511445403666686	-2.5261445403666687	7.12379450887444	0.025	0.005	5.159159004963017	0.9497161489686775	2.4134622602982154	5.932965033285766
1270.614562214298	[3.44058529 5.14773201 1.25002426 5.38374923]	0.2564503275769624	0.2814503275769624	2.023593661189567	0.025	0.005	3.440585289286741	5.147732013557481	1.2500242582094412	5.383749230854813
729.448821398227	[6.20543387 2.86704603 5.19068291 1.57943027]	-2.9895804369116474	-2.9645804369116475	13.34030065500385	0.025	0.005	6.205433872899705	2.8670460259051826	5.190682914358119	1.5794302666547846
1270.614562214298	[2.2094987  4.74159129 1.85958225 5.5539367 ]	1.275637840501671	1.300637840501671	8.050496585654784	0.025	0.005	2.2094986973106154	4.741591287517392	1.8595822481541888	5.553936700858894
1270.614562214298	[2.04524994 1.03682546 2.46633398 0.58722885]	1.7929989795148162	1.8179989795148161	2.9478409616137764	0.025	0.005	2.0452499401435484	1.0368254640000032	2.4663339782035085	0.5872288522304124
1270.614562214298	[5.159159   0.94971615 2.41346226 5.93296503]	-0.5797387236037496	-0.5547387236037495	1.324870632597398	0.025	0.005	5.159159004963017	0.9497161489686775	2.4134622602982154	5.932965033285766
1270.614562214298	[6.20543387 2.86704603 5.19068291 1.57943027]	2.3960402804631893	2.421040280463189	4.844715164229689	0.025	0.005	6.205433872899705	2.8670460259051826	5.190682914358119	1.5794302666547846
446.4063307985174	[3.44058529 5.14773201 1.25002426 5.38374923]	0.203696139024533	0.228696139024533	0.726490822414008	0.025	0.005	3.440585289286741	5.147732013557481	1.2500242582094412	5.383749230854813
446.4063307985174	[2.2094987  4.74159129 1.85958225 5.5539367 ]	-0.9196376415843398	-0.8946376415843398	1.4227447376472215	0.025	0.005	2.2094986973106154	4.741591287517392	1.8595822481541888	5.553936700858894
446.4063307985174	[5.159159   0.94971615 2.41346226 5.93296503]	2.081319777126069	2.106319777126069	6.824900617672647	0.025	0.005	5.159159004963017	0.9497161489686775	2.4134622602982154	5.932965033285766
446.4063307985174	[2.04524994 1.03682546 2.46633398 0.58722885]	0.44005071233011483	0.46505071233011486	0.9521942923249342	0.025	0.005	2.0452499401435484	1.0368254640000032	2.4663339782035085	0.5872288522304124
446.4063307985174	[6.20543387 2.86704603 5.19068291 1.57943027]	-3.1397388351896094	-3.1147388351896095	9.726020534797296	0.025	0.005	6.205433872899705	2.8670460259051826	5.190682914358119	1.5794302666547846
126.49526906287838	[2.2094987  4.74159129 1.85958225 5.5539367 ]	1.9836627286403368	2.0086627286403367	3.9294197777156166	0.025	0.005	2.2094986973106154	4.741591287517392	1.8595822481541888	5.553936700858894
420.48638020597605	[3.44058529 5.14773201 1.25002426 5.38374923]	2.8796730941054967	2.9046730941054966	8.922666846716739	0.025	0.005	3.440585289286741	5.147732013557481	1.2500242582094412	5.383749230854813
126.49526906287838	[3.44058529 5.14773201 1.25002426 5.38374923]	-0.012633478684829284	0.012366521315170718	0.006700222647138225	0.025	0.005	3.440585289286741	5.147732013557481	1.2500242582094412	5.383749230854813
420.48638020597605	[2.2094987  4.74159129 1.85958225 5.5539367 ]	-1.020497862405489	-0.9954978624054891	0.2896884573411871	0.025	0.005	2.2094986973106154	4.741591287517392	1.8595822481541888	5.553936700858894
126.49526906287838	[5.159159   0.94971615 2.41346226 5.93296503]	-0.4733242634112306	-0.44832426341123055	3.731431295421009	0.025	0.005	5.159159004963017	0.9497161489686775	2.4134622602982154	5.932965033285766
126.49526906287838	[6.20543387 2.86704603 5.19068291 1.57943027]	2.6606782620320475	2.6856782620320474	6.553643620057653	0.025	0.005	6.205433872899705	2.8670460259051826	5.190682914358119	1.5794302666547846
420.48638020597605	[5.159159   0.94971615 2.41346226 5.93296503]	2.8994127137193995	2.9244127137193994	7.572631824893272	0.025	0.005	5.159159004963017	0.9497161489686775	2.4134622602982154	5.932965033285766
420.48638020597605	[2.04524994 1.03682546 2.46633398 0.58722885]	1.5200557424596746	1.5450557424596745	3.003112504189424	0.025	0.005	2.0452499401435484	1.0368254640000032	2.4663339782035085	0.5872288522304124
126.49526906287838	[2.04524994 1.03682546 2.46633398 0.58722885]	0.011658264818304419	0.03665826481830442	0.08842125881330885	0.025	0.005	2.0452499401435484	1.0368254640000032	2.4663339782035085	0.5872288522304124
420.48638020597605	[6.20543387 2.86704603 5.19068291 1.57943027]	-2.3883984720806004	-2.3633984720806005	5.3301727078177485	0.025	0.005	6.205433872899705	2.8670460259051826	5.190682914358119	1.5794302666547846
159.39158433140253	[2.2094987  4.74159129 1.85958225 5.5539367 ]	-0.8586625072262369	-0.8336625072262369	0.5449454667276582	0.025	0.005	2.2094986973106154	4.741591287517392	1.8595822481541888	5.553936700858894
159.39158433140253	[2.04524994 1.03682546 2.46633398 0.58722885]	-0.037115735523441024	-0.012115735523441022	0.10717362439753644	0.025	0.005	2.0452499401435484	1.0368254640000032	2.4663339782035085	0.5872288522304124
159.39158433140253	[6.20543387 2.86704603 5.19068291 1.57943027]	0.4847709488673183	0.5097709488673183	1.2172822577514892	0.025	0.005	6.205433872899705	2.8670460259051826	5.190682914358119	1.5794302666547846
159.39158433140253	[3.44058529 5.14773201 1.25002426 5.38374923]	0.051449045764049954	0.07644904576404996	0.006202545549695056	0.025	0.005	3.440585289286741	5.147732013557481	1.2500242582094412	5.383749230854813
159.39158433140253	[5.159159   0.94971615 2.41346226 5.93296503]	-2.1378139621583707	-2.112813962158371	5.583333372022475	0.025	0.005	5.159159004963017	0.9497161489686775	2.4134622602982154	5.932965033285766
1158.7915451698668	[3.44058529 5.14773201 1.25002426 5.38374923]	-0.6130594477438556	-0.5880594477438555	0.6513227300709152	0.025	0.005	3.440585289286741	5.147732013557481	1.2500242582094412	5.383749230854813
1158.7915451698668	[2.2094987  4.74159129 1.85958225 5.5539367 ]	2.413541969842092	2.438541969842092	4.929705867205855	0.025	0.005	2.2094986973106154	4.741591287517392	1.8595822481541888	5.553936700858894
1158.7915451698668	[2.04524994 1.03682546 2.46633398 0.58722885]	0.29594313690027707	0.3209431369002771	0.37966085791222953	0.025	0.005	2.0452499401435484	1.0368254640000032	2.4663339782035085	0.5872288522304124
1158.7915451698668	[5.159159   0.94971615 2.41346226 5.93296503]	2.2817098984800843	2.3067098984800842	5.470227708766114	0.025	0.005	5.159159004963017	0.9497161489686775	2.4134622602982154	5.932965033285766
1158.7915451698668	[6.20543387 2.86704603 5.19068291 1.57943027]	0.40172997230632407	0.4267299723063241	0.7013979350380408	0.025	0.005	6.205433872899705	2.8670460259051826	5.190682914358119	1.5794302666547846
875.7726663633197	[3.44058529 5.14773201 1.25002426 5.38374923]	-0.8543760257464833	-0.8293760257464833	5.137206545058011	0.025	0.005	3.440585289286741	5.147732013557481	1.2500242582094412	5.383749230854813
65.57869529290952	[6.20543387 2.86704603 5.19068291 1.57943027]	-1.4489268077681685	-1.4239268077681686	2.0705239682334127	0.025	0.005	6.205433872899705	2.8670460259051826	5.190682914358119	1.5794302666547846
65.57869529290952	[2.2094987  4.74159129 1.85958225 5.5539367 ]	-1.1646985569445247	-1.1396985569445248	2.579381546539483	0.025	0.005	2.2094986973106154	4.741591287517392	1.8595822481541888	5.553936700858894
65.57869529290952	[5.159159   0.94971615 2.41346226 5.93296503]	-0.6810842354991227	-0.6560842354991226	1.3957000511074567	0.025	0.005	5.159159004963017	0.9497161489686775	2.4134622602982154	5.932965033285766
875.7726663633197	[2.2094987  4.74159129 1.85958225 5.5539367 ]	-1.5554605564817388	-1.5304605564817388	2.731766539911555	0.025	0.005	2.2094986973106154	4.741591287517392	1.8595822481541888	5.553936700858894
875.7726663633197	[2.04524994 1.03682546 2.46633398 0.58722885]	-0.5979465892490355	-0.5729465892490355	0.8755866453676552	0.025	0.005	2.0452499401435484	1.0368254640000032	2.4663339782035085	0.5872288522304124
875.7726663633197	[5.159159   0.94971615 2.41346226 5.93296503]	-0.14409716288403418	-0.11909716288403417	0.269072110013415	0.025	0.005	5.159159004963017	0.9497161489686775	2.4134622602982154	5.932965033285766
875.7726663633197	[6.20543387 2.86704603 5.19068291 1.57943027]	0.06184484434973977	0.08684484434973977	2.9224162214511273	0.025	0.005	6.205433872899705	2.8670460259051826	5.190682914358119	1.5794302666547846
65.57869529290952	[3.44058529 5.14773201 1.25002426 5.38374923]	-0.015536764728791053	0.009463235271208948	0.006366722695021011	0.025	0.005	3.440585289286741	5.147732013557481	1.2500242582094412	5.383749230854813
65.57869529290952	[2.04524994 1.03682546 2.46633398 0.58722885]	0.06578320651759373	0.09078320651759374	0.006282739814505444	0.025	0.005	2.0452499401435484	1.0368254640000032	2.4663339782035085	0.5872288522304124
